DEBUG cotyledon.oslo_config_glue [[01;36mNone req-2cafc5de-ad08-46b8-9f05-9d224cc5e4f2 [00;36mNone None] [01;35mcompute.resource_provider_association_refresh = 300[00m [00;33m{{(pid=73662) log_opt_values /opt/stack/data/venv/lib/python3.12/site-packages/oslo_config/cfg.py:3560}}[00m
DEBUG cotyledon.oslo_config_glue [[01;36mNone req-2cafc5de-ad08-46b8-9f05-9d224cc5e4f2 [00;36mNone None] [01;35mpci.report_in_placement        = False[00m [00;33m{{(pid=73662) log_opt_values /opt/stack/data/venv/lib/python3.12/site-packages/oslo_config/cfg.py:3560}}[00m
DEBUG cotyledon.oslo_config_glue [[01;36mNone req-2cafc5de-ad08-46b8-9f05-9d224cc5e4f2 [00;36mNone None] [01;35mplacement.auth_section         = None[00m [00;33m{{(pid=73662) log_opt_values /opt/stack/data/venv/lib/python3.12/site-packages/oslo_config/cfg.py:3560}}[00m
DEBUG cotyledon.oslo_config_glue [[01;36mNone req-2cafc5de-ad08-46b8-9f05-9d224cc5e4f2 [00;36mNone None] [01;35mplacement.auth_url             = http://192.168.122.10/identity[00m [00;33m{{(pid=73662) log_opt_values /opt/stack/data/venv/lib/python3.12/site-packages/oslo_config/cfg.py:3560}}[00m
DEBUG cotyledon.oslo_config_glue [[01;36mNone req-2cafc5de-ad08-46b8-9f05-9d224cc5e4f2 [00;36mNone None] [01;35mplacement.cafile               = None[00m [00;33m{{(pid=73662) log_opt_values /opt/stack/data/venv/lib/python3.12/site-packages/oslo_config/cfg.py:3560}}[00m
DEBUG cotyledon.oslo_config_glue [[01;36mNone req-2cafc5de-ad08-46b8-9f05-9d224cc5e4f2 [00;36mNone None] [01;35mplacement.certfile             = None[00m [00;33m{{(pid=73662) log_opt_values /opt/stack/data/venv/lib/python3.12/site-packages/oslo_config/cfg.py:3560}}[00m
DEBUG cotyledon.oslo_config_glue [[01;36mNone req-2cafc5de-ad08-46b8-9f05-9d224cc5e4f2 [00;36mNone None] [01;35mplacement.collect_timing       = False[00m [00;33m{{(pid=73662) log_opt_values /opt/stack/data/venv/lib/python3.12/site-packages/oslo_config/cfg.py:3560}}[00m
DEBUG cotyledon.oslo_config_glue [[01;36mNone req-2cafc5de-ad08-46b8-9f05-9d224cc5e4f2 [00;36mNone None] [01;35mplacement.connect_retries      = None[00m [00;33m{{(pid=73662) log_opt_values /opt/stack/data/venv/lib/python3.12/site-packages/oslo_config/cfg.py:3560}}[00m
DEBUG cotyledon.oslo_config_glue [[01;36mNone req-2cafc5de-ad08-46b8-9f05-9d224cc5e4f2 [00;36mNone None] [01;35mplacement.connect_retry_delay  = None[00m [00;33m{{(pid=73662) log_opt_values /opt/stack/data/venv/lib/python3.12/site-packages/oslo_config/cfg.py:3560}}[00m
DEBUG cotyledon.oslo_config_glue [[01;36mNone req-2cafc5de-ad08-46b8-9f05-9d224cc5e4f2 [00;36mNone None] [01;35mplacement.default_domain_id    = None[00m [00;33m{{(pid=73662) log_opt_values /opt/stack/data/venv/lib/python3.12/site-packages/oslo_config/cfg.py:3560}}[00m
DEBUG cotyledon.oslo_config_glue [[01;36mNone req-2cafc5de-ad08-46b8-9f05-9d224cc5e4f2 [00;36mNone None] [01;35mplacement.default_domain_name  = None[00m [00;33m{{(pid=73662) log_opt_values /opt/stack/data/venv/lib/python3.12/site-packages/oslo_config/cfg.py:3560}}[00m
DEBUG cotyledon.oslo_config_glue [[01;36mNone req-2cafc5de-ad08-46b8-9f05-9d224cc5e4f2 [00;36mNone None] [01;35mplacement.domain_id            = None[00m [00;33m{{(pid=73662) log_opt_values /opt/stack/data/venv/lib/python3.12/site-packages/oslo_config/cfg.py:3560}}[00m
DEBUG cotyledon.oslo_config_glue [[01;36mNone req-2cafc5de-ad08-46b8-9f05-9d224cc5e4f2 [00;36mNone None] [01;35mplacement.domain_name          = None[00m [00;33m{{(pid=73662) log_opt_values /opt/stack/data/venv/lib/python3.12/site-packages/oslo_config/cfg.py:3560}}[00m
DEBUG cotyledon.oslo_config_glue [[01;36mNone req-2cafc5de-ad08-46b8-9f05-9d224cc5e4f2 [00;36mNone None] [01;35mplacement.endpoint_override    = None[00m [00;33m{{(pid=73662) log_opt_values /opt/stack/data/venv/lib/python3.12/site-packages/oslo_config/cfg.py:3560}}[00m
DEBUG cotyledon.oslo_config_glue [[01;36mNone req-2cafc5de-ad08-46b8-9f05-9d224cc5e4f2 [00;36mNone None] [01;35mplacement.insecure             = False[00m [00;33m{{(pid=73662) log_opt_values /opt/stack/data/venv/lib/python3.12/site-packages/oslo_config/cfg.py:3560}}[00m
DEBUG cotyledon.oslo_config_glue [[01;36mNone req-2cafc5de-ad08-46b8-9f05-9d224cc5e4f2 [00;36mNone None] [01;35mplacement.keyfile              = None[00m [00;33m{{(pid=73662) log_opt_values /opt/stack/data/venv/lib/python3.12/site-packages/oslo_config/cfg.py:3560}}[00m
DEBUG cotyledon.oslo_config_glue [[01;36mNone req-2cafc5de-ad08-46b8-9f05-9d224cc5e4f2 [00;36mNone None] [01;35mplacement.max_version          = None[00m [00;33m{{(pid=73662) log_opt_values /opt/stack/data/venv/lib/python3.12/site-packages/oslo_config/cfg.py:3560}}[00m
DEBUG cotyledon.oslo_config_glue [[01;36mNone req-2cafc5de-ad08-46b8-9f05-9d224cc5e4f2 [00;36mNone None] [01;35mplacement.min_version          = None[00m [00;33m{{(pid=73662) log_opt_values /opt/stack/data/venv/lib/python3.12/site-packages/oslo_config/cfg.py:3560}}[00m
DEBUG cotyledon.oslo_config_glue [[01;36mNone req-2cafc5de-ad08-46b8-9f05-9d224cc5e4f2 [00;36mNone None] [01;35mplacement.project_domain_id    = None[00m [00;33m{{(pid=73662) log_opt_values /opt/stack/data/venv/lib/python3.12/site-packages/oslo_config/cfg.py:3560}}[00m
DEBUG cotyledon.oslo_config_glue [[01;36mNone req-2cafc5de-ad08-46b8-9f05-9d224cc5e4f2 [00;36mNone None] [01;35mplacement.project_domain_name  = Default[00m [00;33m{{(pid=73662) log_opt_values /opt/stack/data/venv/lib/python3.12/site-packages/oslo_config/cfg.py:3560}}[00m
DEBUG cotyledon.oslo_config_glue [[01;36mNone req-2cafc5de-ad08-46b8-9f05-9d224cc5e4f2 [00;36mNone None] [01;35mplacement.project_id           = None[00m [00;33m{{(pid=73662) log_opt_values /opt/stack/data/venv/lib/python3.12/site-packages/oslo_config/cfg.py:3560}}[00m
DEBUG cotyledon.oslo_config_glue [[01;36mNone req-2cafc5de-ad08-46b8-9f05-9d224cc5e4f2 [00;36mNone None] [01;35mplacement.project_name         = service[00m [00;33m{{(pid=73662) log_opt_values /opt/stack/data/venv/lib/python3.12/site-packages/oslo_config/cfg.py:3560}}[00m
DEBUG cotyledon.oslo_config_glue [[01;36mNone req-2cafc5de-ad08-46b8-9f05-9d224cc5e4f2 [00;36mNone None] [01;35mplacement.region_name          = None[00m [00;33m{{(pid=73662) log_opt_values /opt/stack/data/venv/lib/python3.12/site-packages/oslo_config/cfg.py:3560}}[00m
DEBUG cotyledon.oslo_config_glue [[01;36mNone req-2cafc5de-ad08-46b8-9f05-9d224cc5e4f2 [00;36mNone None] [01;35mplacement.retriable_status_codes = None[00m [00;33m{{(pid=73662) log_opt_values /opt/stack/data/venv/lib/python3.12/site-packages/oslo_config/cfg.py:3560}}[00m
DEBUG cotyledon.oslo_config_glue [[01;36mNone req-2cafc5de-ad08-46b8-9f05-9d224cc5e4f2 [00;36mNone None] [01;35mplacement.service_name         = None[00m [00;33m{{(pid=73662) log_opt_values /opt/stack/data/venv/lib/python3.12/site-packages/oslo_config/cfg.py:3560}}[00m
DEBUG cotyledon.oslo_config_glue [[01;36mNone req-2cafc5de-ad08-46b8-9f05-9d224cc5e4f2 [00;36mNone None] [01;35mplacement.service_type         = placement[00m [00;33m{{(pid=73662) log_opt_values /opt/stack/data/venv/lib/python3.12/site-packages/oslo_config/cfg.py:3560}}[00m
DEBUG cotyledon.oslo_config_glue [[01;36mNone req-2cafc5de-ad08-46b8-9f05-9d224cc5e4f2 [00;36mNone None] [01;35mplacement.split_loggers        = False[00m [00;33m{{(pid=73662) log_opt_values /opt/stack/data/venv/lib/python3.12/site-packages/oslo_config/cfg.py:3560}}[00m
DEBUG cotyledon.oslo_config_glue [[01;36mNone req-2cafc5de-ad08-46b8-9f05-9d224cc5e4f2 [00;36mNone None] [01;35mplacement.status_code_retries  = None[00m [00;33m{{(pid=73662) log_opt_values /opt/stack/data/venv/lib/python3.12/site-packages/oslo_config/cfg.py:3560}}[00m
DEBUG cotyledon.oslo_config_glue [[01;36mNone req-2cafc5de-ad08-46b8-9f05-9d224cc5e4f2 [00;36mNone None] [01;35mplacement.status_code_retry_delay = None[00m [00;33m{{(pid=73662) log_opt_values /opt/stack/data/venv/lib/python3.12/site-packages/oslo_config/cfg.py:3560}}[00m
DEBUG cotyledon.oslo_config_glue [[01;36mNone req-2cafc5de-ad08-46b8-9f05-9d224cc5e4f2 [00;36mNone None] [01;35mplacement.system_scope         = None[00m [00;33m{{(pid=73662) log_opt_values /opt/stack/data/venv/lib/python3.12/site-packages/oslo_config/cfg.py:3560}}[00m
DEBUG cotyledon.oslo_config_glue [[01;36mNone req-2cafc5de-ad08-46b8-9f05-9d224cc5e4f2 [00;36mNone None] [01;35mplacement.timeout              = None[00m [00;33m{{(pid=73662) log_opt_values /opt/stack/data/venv/lib/python3.12/site-packages/oslo_config/cfg.py:3560}}[00m
DEBUG cotyledon.oslo_config_glue [[01;36mNone req-2cafc5de-ad08-46b8-9f05-9d224cc5e4f2 [00;36mNone None] [01;35mplacement.tls_ciphers          = None[00m [00;33m{{(pid=73662) log_opt_values /opt/stack/data/venv/lib/python3.12/site-packages/oslo_config/cfg.py:3560}}[00m
DEBUG cotyledon.oslo_config_glue [[01;36mNone req-2cafc5de-ad08-46b8-9f05-9d224cc5e4f2 [00;36mNone None] [01;35mplacement.tls_min_version      = None[00m [00;33m{{(pid=73662) log_opt_values /opt/stack/data/venv/lib/python3.12/site-packages/oslo_config/cfg.py:3560}}[00m
DEBUG cotyledon.oslo_config_glue [[01;36mNone req-2cafc5de-ad08-46b8-9f05-9d224cc5e4f2 [00;36mNone None] [01;35mplacement.trust_id             = None[00m [00;33m{{(pid=73662) log_opt_values /opt/stack/data/venv/lib/python3.12/site-packages/oslo_config/cfg.py:3560}}[00m
DEBUG cotyledon.oslo_config_glue [[01;36mNone req-2cafc5de-ad08-46b8-9f05-9d224cc5e4f2 [00;36mNone None] [01;35mplacement.user_domain_id       = None[00m [00;33m{{(pid=73662) log_opt_values /opt/stack/data/venv/lib/python3.12/site-packages/oslo_config/cfg.py:3560}}[00m
DEBUG cotyledon.oslo_config_glue [[01;36mNone req-2cafc5de-ad08-46b8-9f05-9d224cc5e4f2 [00;36mNone None] [01;35mplacement.user_domain_name     = Default[00m [00;33m{{(pid=73662) log_opt_values /opt/stack/data/venv/lib/python3.12/site-packages/oslo_config/cfg.py:3560}}[00m
DEBUG cotyledon.oslo_config_glue [[01;36mNone req-2cafc5de-ad08-46b8-9f05-9d224cc5e4f2 [00;36mNone None] [01;35mplacement.user_id              = None[00m [00;33m{{(pid=73662) log_opt_values /opt/stack/data/venv/lib/python3.12/site-packages/oslo_config/cfg.py:3560}}[00m
DEBUG cotyledon.oslo_config_glue [[01;36mNone req-2cafc5de-ad08-46b8-9f05-9d224cc5e4f2 [00;36mNone None] [01;35mplacement.username             = nova[00m [00;33m{{(pid=73662) log_opt_values /opt/stack/data/venv/lib/python3.12/site-packages/oslo_config/cfg.py:3560}}[00m
DEBUG cotyledon.oslo_config_glue [[01;36mNone req-2cafc5de-ad08-46b8-9f05-9d224cc5e4f2 [00;36mNone None] [01;35mplacement.valid_interfaces     = ['internal', 'public'][00m [00;33m{{(pid=73662) log_opt_values /opt/stack/data/venv/lib/python3.12/site-packages/oslo_config/cfg.py:3560}}[00m
DEBUG cotyledon.oslo_config_glue [[01;36mNone req-2cafc5de-ad08-46b8-9f05-9d224cc5e4f2 [00;36mNone None] [01;35mplacement.version              = None[00m [00;33m{{(pid=73662) log_opt_values /opt/stack/data/venv/lib/python3.12/site-packages/oslo_config/cfg.py:3560}}[00m
DEBUG cotyledon.oslo_config_glue [[01;36mNone req-2cafc5de-ad08-46b8-9f05-9d224cc5e4f2 [00;36mNone None] [01;35mquota.count_usage_from_placement = False[00m [00;33m{{(pid=73662) log_opt_values /opt/stack/data/venv/lib/python3.12/site-packages/oslo_config/cfg.py:3560}}[00m
DEBUG cotyledon.oslo_config_glue [[01;36mNone req-2cafc5de-ad08-46b8-9f05-9d224cc5e4f2 [00;36mNone None] [01;35mscheduler.limit_tenants_to_placement_aggregate = False[00m [00;33m{{(pid=73662) log_opt_values /opt/stack/data/venv/lib/python3.12/site-packages/oslo_config/cfg.py:3560}}[00m
DEBUG cotyledon.oslo_config_glue [[01;36mNone req-2cafc5de-ad08-46b8-9f05-9d224cc5e4f2 [00;36mNone None] [01;35mscheduler.max_placement_results = 1000[00m [00;33m{{(pid=73662) log_opt_values /opt/stack/data/venv/lib/python3.12/site-packages/oslo_config/cfg.py:3560}}[00m
DEBUG cotyledon.oslo_config_glue [[01;36mNone req-2cafc5de-ad08-46b8-9f05-9d224cc5e4f2 [00;36mNone None] [01;35mscheduler.placement_aggregate_required_for_tenants = False[00m [00;33m{{(pid=73662) log_opt_values /opt/stack/data/venv/lib/python3.12/site-packages/oslo_config/cfg.py:3560}}[00m
DEBUG cotyledon.oslo_config_glue [[01;36mNone req-2cafc5de-ad08-46b8-9f05-9d224cc5e4f2 [00;36mNone None] [01;35mscheduler.query_placement_for_image_type_support = False[00m [00;33m{{(pid=73662) log_opt_values /opt/stack/data/venv/lib/python3.12/site-packages/oslo_config/cfg.py:3560}}[00m
DEBUG cotyledon.oslo_config_glue [[01;36mNone req-2cafc5de-ad08-46b8-9f05-9d224cc5e4f2 [00;36mNone None] [01;35mscheduler.query_placement_for_routed_network_aggregates = False[00m [00;33m{{(pid=73662) log_opt_values /opt/stack/data/venv/lib/python3.12/site-packages/oslo_config/cfg.py:3560}}[00m
DEBUG cotyledon.oslo_config_glue [[01;36mNone req-2cafc5de-ad08-46b8-9f05-9d224cc5e4f2 [00;36mNone None] [01;35mfilter_scheduler.pci_in_placement = False[00m [00;33m{{(pid=73662) log_opt_values /opt/stack/data/venv/lib/python3.12/site-packages/oslo_config/cfg.py:3560}}[00m
DEBUG cotyledon.oslo_config_glue [[00;36m-] [01;35mcompute.resource_provider_association_refresh = 300[00m [00;33m{{(pid=75060) log_opt_values /opt/stack/data/venv/lib/python3.12/site-packages/oslo_config/cfg.py:3560}}[00m
DEBUG cotyledon.oslo_config_glue [[00;36m-] [01;35mcompute.resource_provider_association_refresh = 300[00m [00;33m{{(pid=75072) log_opt_values /opt/stack/data/venv/lib/python3.12/site-packages/oslo_config/cfg.py:3560}}[00m
DEBUG cotyledon.oslo_config_glue [[00;36m-] [01;35mpci.report_in_placement        = False[00m [00;33m{{(pid=75072) log_opt_values /opt/stack/data/venv/lib/python3.12/site-packages/oslo_config/cfg.py:3560}}[00m
DEBUG cotyledon.oslo_config_glue [[00;36m-] [01;35mplacement.auth_section         = None[00m [00;33m{{(pid=75072) log_opt_values /opt/stack/data/venv/lib/python3.12/site-packages/oslo_config/cfg.py:3560}}[00m
DEBUG cotyledon.oslo_config_glue [[00;36m-] [01;35mplacement.auth_url             = http://192.168.122.10/identity[00m [00;33m{{(pid=75072) log_opt_values /opt/stack/data/venv/lib/python3.12/site-packages/oslo_config/cfg.py:3560}}[00m
DEBUG cotyledon.oslo_config_glue [[00;36m-] [01;35mplacement.cafile               = None[00m [00;33m{{(pid=75072) log_opt_values /opt/stack/data/venv/lib/python3.12/site-packages/oslo_config/cfg.py:3560}}[00m
DEBUG cotyledon.oslo_config_glue [[00;36m-] [01;35mplacement.certfile             = None[00m [00;33m{{(pid=75072) log_opt_values /opt/stack/data/venv/lib/python3.12/site-packages/oslo_config/cfg.py:3560}}[00m
DEBUG cotyledon.oslo_config_glue [[00;36m-] [01;35mplacement.collect_timing       = False[00m [00;33m{{(pid=75072) log_opt_values /opt/stack/data/venv/lib/python3.12/site-packages/oslo_config/cfg.py:3560}}[00m
DEBUG cotyledon.oslo_config_glue [[00;36m-] [01;35mplacement.connect_retries      = None[00m [00;33m{{(pid=75072) log_opt_values /opt/stack/data/venv/lib/python3.12/site-packages/oslo_config/cfg.py:3560}}[00m
DEBUG cotyledon.oslo_config_glue [[00;36m-] [01;35mplacement.connect_retry_delay  = None[00m [00;33m{{(pid=75072) log_opt_values /opt/stack/data/venv/lib/python3.12/site-packages/oslo_config/cfg.py:3560}}[00m
DEBUG cotyledon.oslo_config_glue [[00;36m-] [01;35mplacement.default_domain_id    = None[00m [00;33m{{(pid=75072) log_opt_values /opt/stack/data/venv/lib/python3.12/site-packages/oslo_config/cfg.py:3560}}[00m
DEBUG cotyledon.oslo_config_glue [[00;36m-] [01;35mplacement.default_domain_name  = None[00m [00;33m{{(pid=75072) log_opt_values /opt/stack/data/venv/lib/python3.12/site-packages/oslo_config/cfg.py:3560}}[00m
DEBUG cotyledon.oslo_config_glue [[00;36m-] [01;35mplacement.domain_id            = None[00m [00;33m{{(pid=75072) log_opt_values /opt/stack/data/venv/lib/python3.12/site-packages/oslo_config/cfg.py:3560}}[00m
DEBUG cotyledon.oslo_config_glue [[00;36m-] [01;35mplacement.domain_name          = None[00m [00;33m{{(pid=75072) log_opt_values /opt/stack/data/venv/lib/python3.12/site-packages/oslo_config/cfg.py:3560}}[00m
DEBUG cotyledon.oslo_config_glue [[00;36m-] [01;35mplacement.endpoint_override    = None[00m [00;33m{{(pid=75072) log_opt_values /opt/stack/data/venv/lib/python3.12/site-packages/oslo_config/cfg.py:3560}}[00m
DEBUG cotyledon.oslo_config_glue [[00;36m-] [01;35mplacement.insecure             = False[00m [00;33m{{(pid=75072) log_opt_values /opt/stack/data/venv/lib/python3.12/site-packages/oslo_config/cfg.py:3560}}[00m
DEBUG cotyledon.oslo_config_glue [[00;36m-] [01;35mplacement.keyfile              = None[00m [00;33m{{(pid=75072) log_opt_values /opt/stack/data/venv/lib/python3.12/site-packages/oslo_config/cfg.py:3560}}[00m
DEBUG cotyledon.oslo_config_glue [[00;36m-] [01;35mplacement.max_version          = None[00m [00;33m{{(pid=75072) log_opt_values /opt/stack/data/venv/lib/python3.12/site-packages/oslo_config/cfg.py:3560}}[00m
DEBUG cotyledon.oslo_config_glue [[00;36m-] [01;35mplacement.min_version          = None[00m [00;33m{{(pid=75072) log_opt_values /opt/stack/data/venv/lib/python3.12/site-packages/oslo_config/cfg.py:3560}}[00m
DEBUG cotyledon.oslo_config_glue [[00;36m-] [01;35mplacement.project_domain_id    = None[00m [00;33m{{(pid=75072) log_opt_values /opt/stack/data/venv/lib/python3.12/site-packages/oslo_config/cfg.py:3560}}[00m
DEBUG cotyledon.oslo_config_glue [[00;36m-] [01;35mplacement.project_domain_name  = Default[00m [00;33m{{(pid=75072) log_opt_values /opt/stack/data/venv/lib/python3.12/site-packages/oslo_config/cfg.py:3560}}[00m
DEBUG cotyledon.oslo_config_glue [[00;36m-] [01;35mplacement.project_id           = None[00m [00;33m{{(pid=75072) log_opt_values /opt/stack/data/venv/lib/python3.12/site-packages/oslo_config/cfg.py:3560}}[00m
DEBUG cotyledon.oslo_config_glue [[00;36m-] [01;35mplacement.project_name         = service[00m [00;33m{{(pid=75072) log_opt_values /opt/stack/data/venv/lib/python3.12/site-packages/oslo_config/cfg.py:3560}}[00m
DEBUG cotyledon.oslo_config_glue [[00;36m-] [01;35mplacement.region_name          = None[00m [00;33m{{(pid=75072) log_opt_values /opt/stack/data/venv/lib/python3.12/site-packages/oslo_config/cfg.py:3560}}[00m
DEBUG cotyledon.oslo_config_glue [[00;36m-] [01;35mplacement.retriable_status_codes = None[00m [00;33m{{(pid=75072) log_opt_values /opt/stack/data/venv/lib/python3.12/site-packages/oslo_config/cfg.py:3560}}[00m
DEBUG cotyledon.oslo_config_glue [[00;36m-] [01;35mplacement.service_name         = None[00m [00;33m{{(pid=75072) log_opt_values /opt/stack/data/venv/lib/python3.12/site-packages/oslo_config/cfg.py:3560}}[00m
DEBUG cotyledon.oslo_config_glue [[00;36m-] [01;35mplacement.service_type         = placement[00m [00;33m{{(pid=75072) log_opt_values /opt/stack/data/venv/lib/python3.12/site-packages/oslo_config/cfg.py:3560}}[00m
DEBUG cotyledon.oslo_config_glue [[00;36m-] [01;35mplacement.split_loggers        = False[00m [00;33m{{(pid=75072) log_opt_values /opt/stack/data/venv/lib/python3.12/site-packages/oslo_config/cfg.py:3560}}[00m
DEBUG cotyledon.oslo_config_glue [[00;36m-] [01;35mplacement.status_code_retries  = None[00m [00;33m{{(pid=75072) log_opt_values /opt/stack/data/venv/lib/python3.12/site-packages/oslo_config/cfg.py:3560}}[00m
DEBUG cotyledon.oslo_config_glue [[00;36m-] [01;35mplacement.status_code_retry_delay = None[00m [00;33m{{(pid=75072) log_opt_values /opt/stack/data/venv/lib/python3.12/site-packages/oslo_config/cfg.py:3560}}[00m
DEBUG cotyledon.oslo_config_glue [[00;36m-] [01;35mplacement.system_scope         = None[00m [00;33m{{(pid=75072) log_opt_values /opt/stack/data/venv/lib/python3.12/site-packages/oslo_config/cfg.py:3560}}[00m
DEBUG cotyledon.oslo_config_glue [[00;36m-] [01;35mplacement.timeout              = None[00m [00;33m{{(pid=75072) log_opt_values /opt/stack/data/venv/lib/python3.12/site-packages/oslo_config/cfg.py:3560}}[00m
DEBUG cotyledon.oslo_config_glue [[00;36m-] [01;35mplacement.tls_ciphers          = None[00m [00;33m{{(pid=75072) log_opt_values /opt/stack/data/venv/lib/python3.12/site-packages/oslo_config/cfg.py:3560}}[00m
DEBUG cotyledon.oslo_config_glue [[00;36m-] [01;35mplacement.tls_min_version      = None[00m [00;33m{{(pid=75072) log_opt_values /opt/stack/data/venv/lib/python3.12/site-packages/oslo_config/cfg.py:3560}}[00m
DEBUG cotyledon.oslo_config_glue [[00;36m-] [01;35mplacement.trust_id             = None[00m [00;33m{{(pid=75072) log_opt_values /opt/stack/data/venv/lib/python3.12/site-packages/oslo_config/cfg.py:3560}}[00m
DEBUG cotyledon.oslo_config_glue [[00;36m-] [01;35mplacement.user_domain_id       = None[00m [00;33m{{(pid=75072) log_opt_values /opt/stack/data/venv/lib/python3.12/site-packages/oslo_config/cfg.py:3560}}[00m
DEBUG cotyledon.oslo_config_glue [[00;36m-] [01;35mplacement.user_domain_name     = Default[00m [00;33m{{(pid=75072) log_opt_values /opt/stack/data/venv/lib/python3.12/site-packages/oslo_config/cfg.py:3560}}[00m
DEBUG cotyledon.oslo_config_glue [[00;36m-] [01;35mplacement.user_id              = None[00m [00;33m{{(pid=75072) log_opt_values /opt/stack/data/venv/lib/python3.12/site-packages/oslo_config/cfg.py:3560}}[00m
DEBUG cotyledon.oslo_config_glue [[00;36m-] [01;35mplacement.username             = nova[00m [00;33m{{(pid=75072) log_opt_values /opt/stack/data/venv/lib/python3.12/site-packages/oslo_config/cfg.py:3560}}[00m
DEBUG cotyledon.oslo_config_glue [[00;36m-] [01;35mplacement.valid_interfaces     = ['internal', 'public'][00m [00;33m{{(pid=75072) log_opt_values /opt/stack/data/venv/lib/python3.12/site-packages/oslo_config/cfg.py:3560}}[00m
DEBUG cotyledon.oslo_config_glue [[00;36m-] [01;35mplacement.version              = None[00m [00;33m{{(pid=75072) log_opt_values /opt/stack/data/venv/lib/python3.12/site-packages/oslo_config/cfg.py:3560}}[00m
DEBUG cotyledon.oslo_config_glue [[00;36m-] [01;35mquota.count_usage_from_placement = False[00m [00;33m{{(pid=75072) log_opt_values /opt/stack/data/venv/lib/python3.12/site-packages/oslo_config/cfg.py:3560}}[00m
DEBUG cotyledon.oslo_config_glue [[00;36m-] [01;35mscheduler.limit_tenants_to_placement_aggregate = False[00m [00;33m{{(pid=75072) log_opt_values /opt/stack/data/venv/lib/python3.12/site-packages/oslo_config/cfg.py:3560}}[00m
DEBUG cotyledon.oslo_config_glue [[00;36m-] [01;35mscheduler.max_placement_results = 1000[00m [00;33m{{(pid=75072) log_opt_values /opt/stack/data/venv/lib/python3.12/site-packages/oslo_config/cfg.py:3560}}[00m
DEBUG cotyledon.oslo_config_glue [[00;36m-] [01;35mscheduler.placement_aggregate_required_for_tenants = False[00m [00;33m{{(pid=75072) log_opt_values /opt/stack/data/venv/lib/python3.12/site-packages/oslo_config/cfg.py:3560}}[00m
DEBUG cotyledon.oslo_config_glue [[00;36m-] [01;35mscheduler.query_placement_for_image_type_support = False[00m [00;33m{{(pid=75072) log_opt_values /opt/stack/data/venv/lib/python3.12/site-packages/oslo_config/cfg.py:3560}}[00m
DEBUG cotyledon.oslo_config_glue [[00;36m-] [01;35mscheduler.query_placement_for_routed_network_aggregates = False[00m [00;33m{{(pid=75072) log_opt_values /opt/stack/data/venv/lib/python3.12/site-packages/oslo_config/cfg.py:3560}}[00m
DEBUG cotyledon.oslo_config_glue [[00;36m-] [01;35mfilter_scheduler.pci_in_placement = False[00m [00;33m{{(pid=75072) log_opt_values /opt/stack/data/venv/lib/python3.12/site-packages/oslo_config/cfg.py:3560}}[00m
DEBUG cotyledon.oslo_config_glue [[00;36m-] [01;35mpci.report_in_placement        = False[00m [00;33m{{(pid=75060) log_opt_values /opt/stack/data/venv/lib/python3.12/site-packages/oslo_config/cfg.py:3560}}[00m
DEBUG cotyledon.oslo_config_glue [[00;36m-] [01;35mplacement.auth_section         = None[00m [00;33m{{(pid=75060) log_opt_values /opt/stack/data/venv/lib/python3.12/site-packages/oslo_config/cfg.py:3560}}[00m
DEBUG cotyledon.oslo_config_glue [[00;36m-] [01;35mplacement.auth_url             = http://192.168.122.10/identity[00m [00;33m{{(pid=75060) log_opt_values /opt/stack/data/venv/lib/python3.12/site-packages/oslo_config/cfg.py:3560}}[00m
DEBUG cotyledon.oslo_config_glue [[00;36m-] [01;35mplacement.cafile               = None[00m [00;33m{{(pid=75060) log_opt_values /opt/stack/data/venv/lib/python3.12/site-packages/oslo_config/cfg.py:3560}}[00m
DEBUG cotyledon.oslo_config_glue [[00;36m-] [01;35mplacement.certfile             = None[00m [00;33m{{(pid=75060) log_opt_values /opt/stack/data/venv/lib/python3.12/site-packages/oslo_config/cfg.py:3560}}[00m
DEBUG cotyledon.oslo_config_glue [[00;36m-] [01;35mplacement.collect_timing       = False[00m [00;33m{{(pid=75060) log_opt_values /opt/stack/data/venv/lib/python3.12/site-packages/oslo_config/cfg.py:3560}}[00m
DEBUG cotyledon.oslo_config_glue [[00;36m-] [01;35mplacement.connect_retries      = None[00m [00;33m{{(pid=75060) log_opt_values /opt/stack/data/venv/lib/python3.12/site-packages/oslo_config/cfg.py:3560}}[00m
DEBUG cotyledon.oslo_config_glue [[00;36m-] [01;35mplacement.connect_retry_delay  = None[00m [00;33m{{(pid=75060) log_opt_values /opt/stack/data/venv/lib/python3.12/site-packages/oslo_config/cfg.py:3560}}[00m
DEBUG cotyledon.oslo_config_glue [[00;36m-] [01;35mplacement.default_domain_id    = None[00m [00;33m{{(pid=75060) log_opt_values /opt/stack/data/venv/lib/python3.12/site-packages/oslo_config/cfg.py:3560}}[00m
DEBUG cotyledon.oslo_config_glue [[00;36m-] [01;35mplacement.default_domain_name  = None[00m [00;33m{{(pid=75060) log_opt_values /opt/stack/data/venv/lib/python3.12/site-packages/oslo_config/cfg.py:3560}}[00m
DEBUG cotyledon.oslo_config_glue [[00;36m-] [01;35mplacement.domain_id            = None[00m [00;33m{{(pid=75060) log_opt_values /opt/stack/data/venv/lib/python3.12/site-packages/oslo_config/cfg.py:3560}}[00m
DEBUG cotyledon.oslo_config_glue [[00;36m-] [01;35mplacement.domain_name          = None[00m [00;33m{{(pid=75060) log_opt_values /opt/stack/data/venv/lib/python3.12/site-packages/oslo_config/cfg.py:3560}}[00m
DEBUG cotyledon.oslo_config_glue [[00;36m-] [01;35mplacement.endpoint_override    = None[00m [00;33m{{(pid=75060) log_opt_values /opt/stack/data/venv/lib/python3.12/site-packages/oslo_config/cfg.py:3560}}[00m
DEBUG cotyledon.oslo_config_glue [[00;36m-] [01;35mplacement.insecure             = False[00m [00;33m{{(pid=75060) log_opt_values /opt/stack/data/venv/lib/python3.12/site-packages/oslo_config/cfg.py:3560}}[00m
DEBUG cotyledon.oslo_config_glue [[00;36m-] [01;35mplacement.keyfile              = None[00m [00;33m{{(pid=75060) log_opt_values /opt/stack/data/venv/lib/python3.12/site-packages/oslo_config/cfg.py:3560}}[00m
DEBUG cotyledon.oslo_config_glue [[00;36m-] [01;35mplacement.max_version          = None[00m [00;33m{{(pid=75060) log_opt_values /opt/stack/data/venv/lib/python3.12/site-packages/oslo_config/cfg.py:3560}}[00m
DEBUG cotyledon.oslo_config_glue [[00;36m-] [01;35mplacement.min_version          = None[00m [00;33m{{(pid=75060) log_opt_values /opt/stack/data/venv/lib/python3.12/site-packages/oslo_config/cfg.py:3560}}[00m
DEBUG cotyledon.oslo_config_glue [[00;36m-] [01;35mplacement.project_domain_id    = None[00m [00;33m{{(pid=75060) log_opt_values /opt/stack/data/venv/lib/python3.12/site-packages/oslo_config/cfg.py:3560}}[00m
DEBUG cotyledon.oslo_config_glue [[00;36m-] [01;35mplacement.project_domain_name  = Default[00m [00;33m{{(pid=75060) log_opt_values /opt/stack/data/venv/lib/python3.12/site-packages/oslo_config/cfg.py:3560}}[00m
DEBUG cotyledon.oslo_config_glue [[00;36m-] [01;35mplacement.project_id           = None[00m [00;33m{{(pid=75060) log_opt_values /opt/stack/data/venv/lib/python3.12/site-packages/oslo_config/cfg.py:3560}}[00m
DEBUG cotyledon.oslo_config_glue [[00;36m-] [01;35mplacement.project_name         = service[00m [00;33m{{(pid=75060) log_opt_values /opt/stack/data/venv/lib/python3.12/site-packages/oslo_config/cfg.py:3560}}[00m
DEBUG cotyledon.oslo_config_glue [[00;36m-] [01;35mplacement.region_name          = None[00m [00;33m{{(pid=75060) log_opt_values /opt/stack/data/venv/lib/python3.12/site-packages/oslo_config/cfg.py:3560}}[00m
DEBUG cotyledon.oslo_config_glue [[00;36m-] [01;35mplacement.retriable_status_codes = None[00m [00;33m{{(pid=75060) log_opt_values /opt/stack/data/venv/lib/python3.12/site-packages/oslo_config/cfg.py:3560}}[00m
DEBUG cotyledon.oslo_config_glue [[00;36m-] [01;35mplacement.service_name         = None[00m [00;33m{{(pid=75060) log_opt_values /opt/stack/data/venv/lib/python3.12/site-packages/oslo_config/cfg.py:3560}}[00m
DEBUG cotyledon.oslo_config_glue [[00;36m-] [01;35mplacement.service_type         = placement[00m [00;33m{{(pid=75060) log_opt_values /opt/stack/data/venv/lib/python3.12/site-packages/oslo_config/cfg.py:3560}}[00m
DEBUG cotyledon.oslo_config_glue [[00;36m-] [01;35mplacement.split_loggers        = False[00m [00;33m{{(pid=75060) log_opt_values /opt/stack/data/venv/lib/python3.12/site-packages/oslo_config/cfg.py:3560}}[00m
DEBUG cotyledon.oslo_config_glue [[00;36m-] [01;35mplacement.status_code_retries  = None[00m [00;33m{{(pid=75060) log_opt_values /opt/stack/data/venv/lib/python3.12/site-packages/oslo_config/cfg.py:3560}}[00m
DEBUG cotyledon.oslo_config_glue [[00;36m-] [01;35mplacement.status_code_retry_delay = None[00m [00;33m{{(pid=75060) log_opt_values /opt/stack/data/venv/lib/python3.12/site-packages/oslo_config/cfg.py:3560}}[00m
DEBUG cotyledon.oslo_config_glue [[00;36m-] [01;35mplacement.system_scope         = None[00m [00;33m{{(pid=75060) log_opt_values /opt/stack/data/venv/lib/python3.12/site-packages/oslo_config/cfg.py:3560}}[00m
DEBUG cotyledon.oslo_config_glue [[00;36m-] [01;35mplacement.timeout              = None[00m [00;33m{{(pid=75060) log_opt_values /opt/stack/data/venv/lib/python3.12/site-packages/oslo_config/cfg.py:3560}}[00m
DEBUG cotyledon.oslo_config_glue [[00;36m-] [01;35mplacement.tls_ciphers          = None[00m [00;33m{{(pid=75060) log_opt_values /opt/stack/data/venv/lib/python3.12/site-packages/oslo_config/cfg.py:3560}}[00m
DEBUG cotyledon.oslo_config_glue [[00;36m-] [01;35mplacement.tls_min_version      = None[00m [00;33m{{(pid=75060) log_opt_values /opt/stack/data/venv/lib/python3.12/site-packages/oslo_config/cfg.py:3560}}[00m
DEBUG cotyledon.oslo_config_glue [[00;36m-] [01;35mplacement.trust_id             = None[00m [00;33m{{(pid=75060) log_opt_values /opt/stack/data/venv/lib/python3.12/site-packages/oslo_config/cfg.py:3560}}[00m
DEBUG cotyledon.oslo_config_glue [[00;36m-] [01;35mplacement.user_domain_id       = None[00m [00;33m{{(pid=75060) log_opt_values /opt/stack/data/venv/lib/python3.12/site-packages/oslo_config/cfg.py:3560}}[00m
DEBUG cotyledon.oslo_config_glue [[00;36m-] [01;35mplacement.user_domain_name     = Default[00m [00;33m{{(pid=75060) log_opt_values /opt/stack/data/venv/lib/python3.12/site-packages/oslo_config/cfg.py:3560}}[00m
DEBUG cotyledon.oslo_config_glue [[00;36m-] [01;35mplacement.user_id              = None[00m [00;33m{{(pid=75060) log_opt_values /opt/stack/data/venv/lib/python3.12/site-packages/oslo_config/cfg.py:3560}}[00m
DEBUG cotyledon.oslo_config_glue [[00;36m-] [01;35mplacement.username             = nova[00m [00;33m{{(pid=75060) log_opt_values /opt/stack/data/venv/lib/python3.12/site-packages/oslo_config/cfg.py:3560}}[00m
DEBUG cotyledon.oslo_config_glue [[00;36m-] [01;35mplacement.valid_interfaces     = ['internal', 'public'][00m [00;33m{{(pid=75060) log_opt_values /opt/stack/data/venv/lib/python3.12/site-packages/oslo_config/cfg.py:3560}}[00m
DEBUG cotyledon.oslo_config_glue [[00;36m-] [01;35mplacement.version              = None[00m [00;33m{{(pid=75060) log_opt_values /opt/stack/data/venv/lib/python3.12/site-packages/oslo_config/cfg.py:3560}}[00m
DEBUG cotyledon.oslo_config_glue [[00;36m-] [01;35mquota.count_usage_from_placement = False[00m [00;33m{{(pid=75060) log_opt_values /opt/stack/data/venv/lib/python3.12/site-packages/oslo_config/cfg.py:3560}}[00m
DEBUG cotyledon.oslo_config_glue [[00;36m-] [01;35mscheduler.limit_tenants_to_placement_aggregate = False[00m [00;33m{{(pid=75060) log_opt_values /opt/stack/data/venv/lib/python3.12/site-packages/oslo_config/cfg.py:3560}}[00m
DEBUG cotyledon.oslo_config_glue [[00;36m-] [01;35mscheduler.max_placement_results = 1000[00m [00;33m{{(pid=75060) log_opt_values /opt/stack/data/venv/lib/python3.12/site-packages/oslo_config/cfg.py:3560}}[00m
DEBUG cotyledon.oslo_config_glue [[00;36m-] [01;35mscheduler.placement_aggregate_required_for_tenants = False[00m [00;33m{{(pid=75060) log_opt_values /opt/stack/data/venv/lib/python3.12/site-packages/oslo_config/cfg.py:3560}}[00m
DEBUG cotyledon.oslo_config_glue [[00;36m-] [01;35mscheduler.query_placement_for_image_type_support = False[00m [00;33m{{(pid=75060) log_opt_values /opt/stack/data/venv/lib/python3.12/site-packages/oslo_config/cfg.py:3560}}[00m
DEBUG cotyledon.oslo_config_glue [[00;36m-] [01;35mscheduler.query_placement_for_routed_network_aggregates = False[00m [00;33m{{(pid=75060) log_opt_values /opt/stack/data/venv/lib/python3.12/site-packages/oslo_config/cfg.py:3560}}[00m
DEBUG cotyledon.oslo_config_glue [[00;36m-] [01;35mfilter_scheduler.pci_in_placement = False[00m [00;33m{{(pid=75060) log_opt_values /opt/stack/data/venv/lib/python3.12/site-packages/oslo_config/cfg.py:3560}}[00m
DEBUG cotyledon.oslo_config_glue [[01;36mNone req-a5c3ed50-f339-459d-9041-9e24a52f791d [00;36mNone None] [01;35mcompute.resource_provider_association_refresh = 300[00m [00;33m{{(pid=931) log_opt_values /opt/stack/data/venv/lib/python3.12/site-packages/oslo_config/cfg.py:3560}}[00m
DEBUG cotyledon.oslo_config_glue [[01;36mNone req-a5c3ed50-f339-459d-9041-9e24a52f791d [00;36mNone None] [01;35mpci.report_in_placement        = False[00m [00;33m{{(pid=931) log_opt_values /opt/stack/data/venv/lib/python3.12/site-packages/oslo_config/cfg.py:3560}}[00m
DEBUG cotyledon.oslo_config_glue [[01;36mNone req-a5c3ed50-f339-459d-9041-9e24a52f791d [00;36mNone None] [01;35mplacement.auth_section         = None[00m [00;33m{{(pid=931) log_opt_values /opt/stack/data/venv/lib/python3.12/site-packages/oslo_config/cfg.py:3560}}[00m
DEBUG cotyledon.oslo_config_glue [[01;36mNone req-a5c3ed50-f339-459d-9041-9e24a52f791d [00;36mNone None] [01;35mplacement.auth_url             = http://192.168.122.10/identity[00m [00;33m{{(pid=931) log_opt_values /opt/stack/data/venv/lib/python3.12/site-packages/oslo_config/cfg.py:3560}}[00m
DEBUG cotyledon.oslo_config_glue [[01;36mNone req-a5c3ed50-f339-459d-9041-9e24a52f791d [00;36mNone None] [01;35mplacement.cafile               = None[00m [00;33m{{(pid=931) log_opt_values /opt/stack/data/venv/lib/python3.12/site-packages/oslo_config/cfg.py:3560}}[00m
DEBUG cotyledon.oslo_config_glue [[01;36mNone req-a5c3ed50-f339-459d-9041-9e24a52f791d [00;36mNone None] [01;35mplacement.certfile             = None[00m [00;33m{{(pid=931) log_opt_values /opt/stack/data/venv/lib/python3.12/site-packages/oslo_config/cfg.py:3560}}[00m
DEBUG cotyledon.oslo_config_glue [[01;36mNone req-a5c3ed50-f339-459d-9041-9e24a52f791d [00;36mNone None] [01;35mplacement.collect_timing       = False[00m [00;33m{{(pid=931) log_opt_values /opt/stack/data/venv/lib/python3.12/site-packages/oslo_config/cfg.py:3560}}[00m
DEBUG cotyledon.oslo_config_glue [[01;36mNone req-a5c3ed50-f339-459d-9041-9e24a52f791d [00;36mNone None] [01;35mplacement.connect_retries      = None[00m [00;33m{{(pid=931) log_opt_values /opt/stack/data/venv/lib/python3.12/site-packages/oslo_config/cfg.py:3560}}[00m
DEBUG cotyledon.oslo_config_glue [[01;36mNone req-a5c3ed50-f339-459d-9041-9e24a52f791d [00;36mNone None] [01;35mplacement.connect_retry_delay  = None[00m [00;33m{{(pid=931) log_opt_values /opt/stack/data/venv/lib/python3.12/site-packages/oslo_config/cfg.py:3560}}[00m
DEBUG cotyledon.oslo_config_glue [[01;36mNone req-a5c3ed50-f339-459d-9041-9e24a52f791d [00;36mNone None] [01;35mplacement.default_domain_id    = None[00m [00;33m{{(pid=931) log_opt_values /opt/stack/data/venv/lib/python3.12/site-packages/oslo_config/cfg.py:3560}}[00m
DEBUG cotyledon.oslo_config_glue [[01;36mNone req-a5c3ed50-f339-459d-9041-9e24a52f791d [00;36mNone None] [01;35mplacement.default_domain_name  = None[00m [00;33m{{(pid=931) log_opt_values /opt/stack/data/venv/lib/python3.12/site-packages/oslo_config/cfg.py:3560}}[00m
DEBUG cotyledon.oslo_config_glue [[01;36mNone req-a5c3ed50-f339-459d-9041-9e24a52f791d [00;36mNone None] [01;35mplacement.domain_id            = None[00m [00;33m{{(pid=931) log_opt_values /opt/stack/data/venv/lib/python3.12/site-packages/oslo_config/cfg.py:3560}}[00m
DEBUG cotyledon.oslo_config_glue [[01;36mNone req-a5c3ed50-f339-459d-9041-9e24a52f791d [00;36mNone None] [01;35mplacement.domain_name          = None[00m [00;33m{{(pid=931) log_opt_values /opt/stack/data/venv/lib/python3.12/site-packages/oslo_config/cfg.py:3560}}[00m
DEBUG cotyledon.oslo_config_glue [[01;36mNone req-a5c3ed50-f339-459d-9041-9e24a52f791d [00;36mNone None] [01;35mplacement.endpoint_override    = None[00m [00;33m{{(pid=931) log_opt_values /opt/stack/data/venv/lib/python3.12/site-packages/oslo_config/cfg.py:3560}}[00m
DEBUG cotyledon.oslo_config_glue [[01;36mNone req-a5c3ed50-f339-459d-9041-9e24a52f791d [00;36mNone None] [01;35mplacement.insecure             = False[00m [00;33m{{(pid=931) log_opt_values /opt/stack/data/venv/lib/python3.12/site-packages/oslo_config/cfg.py:3560}}[00m
DEBUG cotyledon.oslo_config_glue [[01;36mNone req-a5c3ed50-f339-459d-9041-9e24a52f791d [00;36mNone None] [01;35mplacement.keyfile              = None[00m [00;33m{{(pid=931) log_opt_values /opt/stack/data/venv/lib/python3.12/site-packages/oslo_config/cfg.py:3560}}[00m
DEBUG cotyledon.oslo_config_glue [[01;36mNone req-a5c3ed50-f339-459d-9041-9e24a52f791d [00;36mNone None] [01;35mplacement.max_version          = None[00m [00;33m{{(pid=931) log_opt_values /opt/stack/data/venv/lib/python3.12/site-packages/oslo_config/cfg.py:3560}}[00m
DEBUG cotyledon.oslo_config_glue [[01;36mNone req-a5c3ed50-f339-459d-9041-9e24a52f791d [00;36mNone None] [01;35mplacement.min_version          = None[00m [00;33m{{(pid=931) log_opt_values /opt/stack/data/venv/lib/python3.12/site-packages/oslo_config/cfg.py:3560}}[00m
DEBUG cotyledon.oslo_config_glue [[01;36mNone req-a5c3ed50-f339-459d-9041-9e24a52f791d [00;36mNone None] [01;35mplacement.project_domain_id    = None[00m [00;33m{{(pid=931) log_opt_values /opt/stack/data/venv/lib/python3.12/site-packages/oslo_config/cfg.py:3560}}[00m
DEBUG cotyledon.oslo_config_glue [[01;36mNone req-a5c3ed50-f339-459d-9041-9e24a52f791d [00;36mNone None] [01;35mplacement.project_domain_name  = Default[00m [00;33m{{(pid=931) log_opt_values /opt/stack/data/venv/lib/python3.12/site-packages/oslo_config/cfg.py:3560}}[00m
DEBUG cotyledon.oslo_config_glue [[01;36mNone req-a5c3ed50-f339-459d-9041-9e24a52f791d [00;36mNone None] [01;35mplacement.project_id           = None[00m [00;33m{{(pid=931) log_opt_values /opt/stack/data/venv/lib/python3.12/site-packages/oslo_config/cfg.py:3560}}[00m
DEBUG cotyledon.oslo_config_glue [[01;36mNone req-a5c3ed50-f339-459d-9041-9e24a52f791d [00;36mNone None] [01;35mplacement.project_name         = service[00m [00;33m{{(pid=931) log_opt_values /opt/stack/data/venv/lib/python3.12/site-packages/oslo_config/cfg.py:3560}}[00m
DEBUG cotyledon.oslo_config_glue [[01;36mNone req-a5c3ed50-f339-459d-9041-9e24a52f791d [00;36mNone None] [01;35mplacement.region_name          = None[00m [00;33m{{(pid=931) log_opt_values /opt/stack/data/venv/lib/python3.12/site-packages/oslo_config/cfg.py:3560}}[00m
DEBUG cotyledon.oslo_config_glue [[01;36mNone req-a5c3ed50-f339-459d-9041-9e24a52f791d [00;36mNone None] [01;35mplacement.retriable_status_codes = None[00m [00;33m{{(pid=931) log_opt_values /opt/stack/data/venv/lib/python3.12/site-packages/oslo_config/cfg.py:3560}}[00m
DEBUG cotyledon.oslo_config_glue [[01;36mNone req-a5c3ed50-f339-459d-9041-9e24a52f791d [00;36mNone None] [01;35mplacement.service_name         = None[00m [00;33m{{(pid=931) log_opt_values /opt/stack/data/venv/lib/python3.12/site-packages/oslo_config/cfg.py:3560}}[00m
DEBUG cotyledon.oslo_config_glue [[01;36mNone req-a5c3ed50-f339-459d-9041-9e24a52f791d [00;36mNone None] [01;35mplacement.service_type         = placement[00m [00;33m{{(pid=931) log_opt_values /opt/stack/data/venv/lib/python3.12/site-packages/oslo_config/cfg.py:3560}}[00m
DEBUG cotyledon.oslo_config_glue [[01;36mNone req-a5c3ed50-f339-459d-9041-9e24a52f791d [00;36mNone None] [01;35mplacement.split_loggers        = False[00m [00;33m{{(pid=931) log_opt_values /opt/stack/data/venv/lib/python3.12/site-packages/oslo_config/cfg.py:3560}}[00m
DEBUG cotyledon.oslo_config_glue [[01;36mNone req-a5c3ed50-f339-459d-9041-9e24a52f791d [00;36mNone None] [01;35mplacement.status_code_retries  = None[00m [00;33m{{(pid=931) log_opt_values /opt/stack/data/venv/lib/python3.12/site-packages/oslo_config/cfg.py:3560}}[00m
DEBUG cotyledon.oslo_config_glue [[01;36mNone req-a5c3ed50-f339-459d-9041-9e24a52f791d [00;36mNone None] [01;35mplacement.status_code_retry_delay = None[00m [00;33m{{(pid=931) log_opt_values /opt/stack/data/venv/lib/python3.12/site-packages/oslo_config/cfg.py:3560}}[00m
DEBUG cotyledon.oslo_config_glue [[01;36mNone req-a5c3ed50-f339-459d-9041-9e24a52f791d [00;36mNone None] [01;35mplacement.system_scope         = None[00m [00;33m{{(pid=931) log_opt_values /opt/stack/data/venv/lib/python3.12/site-packages/oslo_config/cfg.py:3560}}[00m
DEBUG cotyledon.oslo_config_glue [[01;36mNone req-a5c3ed50-f339-459d-9041-9e24a52f791d [00;36mNone None] [01;35mplacement.timeout              = None[00m [00;33m{{(pid=931) log_opt_values /opt/stack/data/venv/lib/python3.12/site-packages/oslo_config/cfg.py:3560}}[00m
DEBUG cotyledon.oslo_config_glue [[01;36mNone req-a5c3ed50-f339-459d-9041-9e24a52f791d [00;36mNone None] [01;35mplacement.tls_ciphers          = None[00m [00;33m{{(pid=931) log_opt_values /opt/stack/data/venv/lib/python3.12/site-packages/oslo_config/cfg.py:3560}}[00m
DEBUG cotyledon.oslo_config_glue [[01;36mNone req-a5c3ed50-f339-459d-9041-9e24a52f791d [00;36mNone None] [01;35mplacement.tls_min_version      = None[00m [00;33m{{(pid=931) log_opt_values /opt/stack/data/venv/lib/python3.12/site-packages/oslo_config/cfg.py:3560}}[00m
DEBUG cotyledon.oslo_config_glue [[01;36mNone req-a5c3ed50-f339-459d-9041-9e24a52f791d [00;36mNone None] [01;35mplacement.trust_id             = None[00m [00;33m{{(pid=931) log_opt_values /opt/stack/data/venv/lib/python3.12/site-packages/oslo_config/cfg.py:3560}}[00m
DEBUG cotyledon.oslo_config_glue [[01;36mNone req-a5c3ed50-f339-459d-9041-9e24a52f791d [00;36mNone None] [01;35mplacement.user_domain_id       = None[00m [00;33m{{(pid=931) log_opt_values /opt/stack/data/venv/lib/python3.12/site-packages/oslo_config/cfg.py:3560}}[00m
DEBUG cotyledon.oslo_config_glue [[01;36mNone req-a5c3ed50-f339-459d-9041-9e24a52f791d [00;36mNone None] [01;35mplacement.user_domain_name     = Default[00m [00;33m{{(pid=931) log_opt_values /opt/stack/data/venv/lib/python3.12/site-packages/oslo_config/cfg.py:3560}}[00m
DEBUG cotyledon.oslo_config_glue [[01;36mNone req-a5c3ed50-f339-459d-9041-9e24a52f791d [00;36mNone None] [01;35mplacement.user_id              = None[00m [00;33m{{(pid=931) log_opt_values /opt/stack/data/venv/lib/python3.12/site-packages/oslo_config/cfg.py:3560}}[00m
DEBUG cotyledon.oslo_config_glue [[01;36mNone req-a5c3ed50-f339-459d-9041-9e24a52f791d [00;36mNone None] [01;35mplacement.username             = nova[00m [00;33m{{(pid=931) log_opt_values /opt/stack/data/venv/lib/python3.12/site-packages/oslo_config/cfg.py:3560}}[00m
DEBUG cotyledon.oslo_config_glue [[01;36mNone req-a5c3ed50-f339-459d-9041-9e24a52f791d [00;36mNone None] [01;35mplacement.valid_interfaces     = ['internal', 'public'][00m [00;33m{{(pid=931) log_opt_values /opt/stack/data/venv/lib/python3.12/site-packages/oslo_config/cfg.py:3560}}[00m
DEBUG cotyledon.oslo_config_glue [[01;36mNone req-a5c3ed50-f339-459d-9041-9e24a52f791d [00;36mNone None] [01;35mplacement.version              = None[00m [00;33m{{(pid=931) log_opt_values /opt/stack/data/venv/lib/python3.12/site-packages/oslo_config/cfg.py:3560}}[00m
DEBUG cotyledon.oslo_config_glue [[01;36mNone req-a5c3ed50-f339-459d-9041-9e24a52f791d [00;36mNone None] [01;35mquota.count_usage_from_placement = False[00m [00;33m{{(pid=931) log_opt_values /opt/stack/data/venv/lib/python3.12/site-packages/oslo_config/cfg.py:3560}}[00m
DEBUG cotyledon.oslo_config_glue [[01;36mNone req-a5c3ed50-f339-459d-9041-9e24a52f791d [00;36mNone None] [01;35mscheduler.limit_tenants_to_placement_aggregate = False[00m [00;33m{{(pid=931) log_opt_values /opt/stack/data/venv/lib/python3.12/site-packages/oslo_config/cfg.py:3560}}[00m
DEBUG cotyledon.oslo_config_glue [[01;36mNone req-a5c3ed50-f339-459d-9041-9e24a52f791d [00;36mNone None] [01;35mscheduler.max_placement_results = 1000[00m [00;33m{{(pid=931) log_opt_values /opt/stack/data/venv/lib/python3.12/site-packages/oslo_config/cfg.py:3560}}[00m
DEBUG cotyledon.oslo_config_glue [[01;36mNone req-a5c3ed50-f339-459d-9041-9e24a52f791d [00;36mNone None] [01;35mscheduler.placement_aggregate_required_for_tenants = False[00m [00;33m{{(pid=931) log_opt_values /opt/stack/data/venv/lib/python3.12/site-packages/oslo_config/cfg.py:3560}}[00m
DEBUG cotyledon.oslo_config_glue [[01;36mNone req-a5c3ed50-f339-459d-9041-9e24a52f791d [00;36mNone None] [01;35mscheduler.query_placement_for_image_type_support = False[00m [00;33m{{(pid=931) log_opt_values /opt/stack/data/venv/lib/python3.12/site-packages/oslo_config/cfg.py:3560}}[00m
DEBUG cotyledon.oslo_config_glue [[01;36mNone req-a5c3ed50-f339-459d-9041-9e24a52f791d [00;36mNone None] [01;35mscheduler.query_placement_for_routed_network_aggregates = False[00m [00;33m{{(pid=931) log_opt_values /opt/stack/data/venv/lib/python3.12/site-packages/oslo_config/cfg.py:3560}}[00m
DEBUG cotyledon.oslo_config_glue [[01;36mNone req-a5c3ed50-f339-459d-9041-9e24a52f791d [00;36mNone None] [01;35mfilter_scheduler.pci_in_placement = False[00m [00;33m{{(pid=931) log_opt_values /opt/stack/data/venv/lib/python3.12/site-packages/oslo_config/cfg.py:3560}}[00m
DEBUG cotyledon.oslo_config_glue [[00;36m-] [01;35mcompute.resource_provider_association_refresh = 300[00m [00;33m{{(pid=3606) log_opt_values /opt/stack/data/venv/lib/python3.12/site-packages/oslo_config/cfg.py:3560}}[00m
DEBUG cotyledon.oslo_config_glue [[00;36m-] [01;35mpci.report_in_placement        = False[00m [00;33m{{(pid=3606) log_opt_values /opt/stack/data/venv/lib/python3.12/site-packages/oslo_config/cfg.py:3560}}[00m
DEBUG cotyledon.oslo_config_glue [[00;36m-] [01;35mplacement.auth_section         = None[00m [00;33m{{(pid=3606) log_opt_values /opt/stack/data/venv/lib/python3.12/site-packages/oslo_config/cfg.py:3560}}[00m
DEBUG cotyledon.oslo_config_glue [[00;36m-] [01;35mplacement.auth_url             = http://192.168.122.10/identity[00m [00;33m{{(pid=3606) log_opt_values /opt/stack/data/venv/lib/python3.12/site-packages/oslo_config/cfg.py:3560}}[00m
DEBUG cotyledon.oslo_config_glue [[00;36m-] [01;35mplacement.cafile               = None[00m [00;33m{{(pid=3606) log_opt_values /opt/stack/data/venv/lib/python3.12/site-packages/oslo_config/cfg.py:3560}}[00m
DEBUG cotyledon.oslo_config_glue [[00;36m-] [01;35mplacement.certfile             = None[00m [00;33m{{(pid=3606) log_opt_values /opt/stack/data/venv/lib/python3.12/site-packages/oslo_config/cfg.py:3560}}[00m
DEBUG cotyledon.oslo_config_glue [[00;36m-] [01;35mplacement.collect_timing       = False[00m [00;33m{{(pid=3606) log_opt_values /opt/stack/data/venv/lib/python3.12/site-packages/oslo_config/cfg.py:3560}}[00m
DEBUG cotyledon.oslo_config_glue [[00;36m-] [01;35mplacement.connect_retries      = None[00m [00;33m{{(pid=3606) log_opt_values /opt/stack/data/venv/lib/python3.12/site-packages/oslo_config/cfg.py:3560}}[00m
DEBUG cotyledon.oslo_config_glue [[00;36m-] [01;35mplacement.connect_retry_delay  = None[00m [00;33m{{(pid=3606) log_opt_values /opt/stack/data/venv/lib/python3.12/site-packages/oslo_config/cfg.py:3560}}[00m
DEBUG cotyledon.oslo_config_glue [[00;36m-] [01;35mplacement.default_domain_id    = None[00m [00;33m{{(pid=3606) log_opt_values /opt/stack/data/venv/lib/python3.12/site-packages/oslo_config/cfg.py:3560}}[00m
DEBUG cotyledon.oslo_config_glue [[00;36m-] [01;35mplacement.default_domain_name  = None[00m [00;33m{{(pid=3606) log_opt_values /opt/stack/data/venv/lib/python3.12/site-packages/oslo_config/cfg.py:3560}}[00m
DEBUG cotyledon.oslo_config_glue [[00;36m-] [01;35mplacement.domain_id            = None[00m [00;33m{{(pid=3606) log_opt_values /opt/stack/data/venv/lib/python3.12/site-packages/oslo_config/cfg.py:3560}}[00m
DEBUG cotyledon.oslo_config_glue [[00;36m-] [01;35mplacement.domain_name          = None[00m [00;33m{{(pid=3606) log_opt_values /opt/stack/data/venv/lib/python3.12/site-packages/oslo_config/cfg.py:3560}}[00m
DEBUG cotyledon.oslo_config_glue [[00;36m-] [01;35mplacement.endpoint_override    = None[00m [00;33m{{(pid=3606) log_opt_values /opt/stack/data/venv/lib/python3.12/site-packages/oslo_config/cfg.py:3560}}[00m
DEBUG cotyledon.oslo_config_glue [[00;36m-] [01;35mplacement.insecure             = False[00m [00;33m{{(pid=3606) log_opt_values /opt/stack/data/venv/lib/python3.12/site-packages/oslo_config/cfg.py:3560}}[00m
DEBUG cotyledon.oslo_config_glue [[00;36m-] [01;35mplacement.keyfile              = None[00m [00;33m{{(pid=3606) log_opt_values /opt/stack/data/venv/lib/python3.12/site-packages/oslo_config/cfg.py:3560}}[00m
DEBUG cotyledon.oslo_config_glue [[00;36m-] [01;35mplacement.max_version          = None[00m [00;33m{{(pid=3606) log_opt_values /opt/stack/data/venv/lib/python3.12/site-packages/oslo_config/cfg.py:3560}}[00m
DEBUG cotyledon.oslo_config_glue [[00;36m-] [01;35mplacement.min_version          = None[00m [00;33m{{(pid=3606) log_opt_values /opt/stack/data/venv/lib/python3.12/site-packages/oslo_config/cfg.py:3560}}[00m
DEBUG cotyledon.oslo_config_glue [[00;36m-] [01;35mplacement.project_domain_id    = None[00m [00;33m{{(pid=3606) log_opt_values /opt/stack/data/venv/lib/python3.12/site-packages/oslo_config/cfg.py:3560}}[00m
DEBUG cotyledon.oslo_config_glue [[00;36m-] [01;35mplacement.project_domain_name  = Default[00m [00;33m{{(pid=3606) log_opt_values /opt/stack/data/venv/lib/python3.12/site-packages/oslo_config/cfg.py:3560}}[00m
DEBUG cotyledon.oslo_config_glue [[00;36m-] [01;35mplacement.project_id           = None[00m [00;33m{{(pid=3606) log_opt_values /opt/stack/data/venv/lib/python3.12/site-packages/oslo_config/cfg.py:3560}}[00m
DEBUG cotyledon.oslo_config_glue [[00;36m-] [01;35mplacement.project_name         = service[00m [00;33m{{(pid=3606) log_opt_values /opt/stack/data/venv/lib/python3.12/site-packages/oslo_config/cfg.py:3560}}[00m
DEBUG cotyledon.oslo_config_glue [[00;36m-] [01;35mplacement.region_name          = None[00m [00;33m{{(pid=3606) log_opt_values /opt/stack/data/venv/lib/python3.12/site-packages/oslo_config/cfg.py:3560}}[00m
DEBUG cotyledon.oslo_config_glue [[00;36m-] [01;35mplacement.retriable_status_codes = None[00m [00;33m{{(pid=3606) log_opt_values /opt/stack/data/venv/lib/python3.12/site-packages/oslo_config/cfg.py:3560}}[00m
DEBUG cotyledon.oslo_config_glue [[00;36m-] [01;35mplacement.service_name         = None[00m [00;33m{{(pid=3606) log_opt_values /opt/stack/data/venv/lib/python3.12/site-packages/oslo_config/cfg.py:3560}}[00m
DEBUG cotyledon.oslo_config_glue [[00;36m-] [01;35mplacement.service_type         = placement[00m [00;33m{{(pid=3606) log_opt_values /opt/stack/data/venv/lib/python3.12/site-packages/oslo_config/cfg.py:3560}}[00m
DEBUG cotyledon.oslo_config_glue [[00;36m-] [01;35mplacement.split_loggers        = False[00m [00;33m{{(pid=3606) log_opt_values /opt/stack/data/venv/lib/python3.12/site-packages/oslo_config/cfg.py:3560}}[00m
DEBUG cotyledon.oslo_config_glue [[00;36m-] [01;35mplacement.status_code_retries  = None[00m [00;33m{{(pid=3606) log_opt_values /opt/stack/data/venv/lib/python3.12/site-packages/oslo_config/cfg.py:3560}}[00m
DEBUG cotyledon.oslo_config_glue [[00;36m-] [01;35mplacement.status_code_retry_delay = None[00m [00;33m{{(pid=3606) log_opt_values /opt/stack/data/venv/lib/python3.12/site-packages/oslo_config/cfg.py:3560}}[00m
DEBUG cotyledon.oslo_config_glue [[00;36m-] [01;35mplacement.system_scope         = None[00m [00;33m{{(pid=3606) log_opt_values /opt/stack/data/venv/lib/python3.12/site-packages/oslo_config/cfg.py:3560}}[00m
DEBUG cotyledon.oslo_config_glue [[00;36m-] [01;35mplacement.timeout              = None[00m [00;33m{{(pid=3606) log_opt_values /opt/stack/data/venv/lib/python3.12/site-packages/oslo_config/cfg.py:3560}}[00m
DEBUG cotyledon.oslo_config_glue [[00;36m-] [01;35mplacement.tls_ciphers          = None[00m [00;33m{{(pid=3606) log_opt_values /opt/stack/data/venv/lib/python3.12/site-packages/oslo_config/cfg.py:3560}}[00m
DEBUG cotyledon.oslo_config_glue [[00;36m-] [01;35mplacement.tls_min_version      = None[00m [00;33m{{(pid=3606) log_opt_values /opt/stack/data/venv/lib/python3.12/site-packages/oslo_config/cfg.py:3560}}[00m
DEBUG cotyledon.oslo_config_glue [[00;36m-] [01;35mplacement.trust_id             = None[00m [00;33m{{(pid=3606) log_opt_values /opt/stack/data/venv/lib/python3.12/site-packages/oslo_config/cfg.py:3560}}[00m
DEBUG cotyledon.oslo_config_glue [[00;36m-] [01;35mplacement.user_domain_id       = None[00m [00;33m{{(pid=3606) log_opt_values /opt/stack/data/venv/lib/python3.12/site-packages/oslo_config/cfg.py:3560}}[00m
DEBUG cotyledon.oslo_config_glue [[00;36m-] [01;35mplacement.user_domain_name     = Default[00m [00;33m{{(pid=3606) log_opt_values /opt/stack/data/venv/lib/python3.12/site-packages/oslo_config/cfg.py:3560}}[00m
DEBUG cotyledon.oslo_config_glue [[00;36m-] [01;35mplacement.user_id              = None[00m [00;33m{{(pid=3606) log_opt_values /opt/stack/data/venv/lib/python3.12/site-packages/oslo_config/cfg.py:3560}}[00m
DEBUG cotyledon.oslo_config_glue [[00;36m-] [01;35mplacement.username             = nova[00m [00;33m{{(pid=3606) log_opt_values /opt/stack/data/venv/lib/python3.12/site-packages/oslo_config/cfg.py:3560}}[00m
DEBUG cotyledon.oslo_config_glue [[00;36m-] [01;35mplacement.valid_interfaces     = ['internal', 'public'][00m [00;33m{{(pid=3606) log_opt_values /opt/stack/data/venv/lib/python3.12/site-packages/oslo_config/cfg.py:3560}}[00m
DEBUG cotyledon.oslo_config_glue [[00;36m-] [01;35mplacement.version              = None[00m [00;33m{{(pid=3606) log_opt_values /opt/stack/data/venv/lib/python3.12/site-packages/oslo_config/cfg.py:3560}}[00m
DEBUG cotyledon.oslo_config_glue [[00;36m-] [01;35mquota.count_usage_from_placement = False[00m [00;33m{{(pid=3606) log_opt_values /opt/stack/data/venv/lib/python3.12/site-packages/oslo_config/cfg.py:3560}}[00m
DEBUG cotyledon.oslo_config_glue [[00;36m-] [01;35mscheduler.limit_tenants_to_placement_aggregate = False[00m [00;33m{{(pid=3606) log_opt_values /opt/stack/data/venv/lib/python3.12/site-packages/oslo_config/cfg.py:3560}}[00m
DEBUG cotyledon.oslo_config_glue [[00;36m-] [01;35mscheduler.max_placement_results = 1000[00m [00;33m{{(pid=3606) log_opt_values /opt/stack/data/venv/lib/python3.12/site-packages/oslo_config/cfg.py:3560}}[00m
DEBUG cotyledon.oslo_config_glue [[00;36m-] [01;35mscheduler.placement_aggregate_required_for_tenants = False[00m [00;33m{{(pid=3606) log_opt_values /opt/stack/data/venv/lib/python3.12/site-packages/oslo_config/cfg.py:3560}}[00m
DEBUG cotyledon.oslo_config_glue [[00;36m-] [01;35mscheduler.query_placement_for_image_type_support = False[00m [00;33m{{(pid=3606) log_opt_values /opt/stack/data/venv/lib/python3.12/site-packages/oslo_config/cfg.py:3560}}[00m
DEBUG cotyledon.oslo_config_glue [[00;36m-] [01;35mscheduler.query_placement_for_routed_network_aggregates = False[00m [00;33m{{(pid=3606) log_opt_values /opt/stack/data/venv/lib/python3.12/site-packages/oslo_config/cfg.py:3560}}[00m
DEBUG cotyledon.oslo_config_glue [[00;36m-] [01;35mfilter_scheduler.pci_in_placement = False[00m [00;33m{{(pid=3606) log_opt_values /opt/stack/data/venv/lib/python3.12/site-packages/oslo_config/cfg.py:3560}}[00m
DEBUG cotyledon.oslo_config_glue [[00;36m-] [01;35mcompute.resource_provider_association_refresh = 300[00m [00;33m{{(pid=3609) log_opt_values /opt/stack/data/venv/lib/python3.12/site-packages/oslo_config/cfg.py:3560}}[00m
DEBUG cotyledon.oslo_config_glue [[00;36m-] [01;35mpci.report_in_placement        = False[00m [00;33m{{(pid=3609) log_opt_values /opt/stack/data/venv/lib/python3.12/site-packages/oslo_config/cfg.py:3560}}[00m
DEBUG cotyledon.oslo_config_glue [[00;36m-] [01;35mplacement.auth_section         = None[00m [00;33m{{(pid=3609) log_opt_values /opt/stack/data/venv/lib/python3.12/site-packages/oslo_config/cfg.py:3560}}[00m
DEBUG cotyledon.oslo_config_glue [[00;36m-] [01;35mplacement.auth_url             = http://192.168.122.10/identity[00m [00;33m{{(pid=3609) log_opt_values /opt/stack/data/venv/lib/python3.12/site-packages/oslo_config/cfg.py:3560}}[00m
DEBUG cotyledon.oslo_config_glue [[00;36m-] [01;35mplacement.cafile               = None[00m [00;33m{{(pid=3609) log_opt_values /opt/stack/data/venv/lib/python3.12/site-packages/oslo_config/cfg.py:3560}}[00m
DEBUG cotyledon.oslo_config_glue [[00;36m-] [01;35mplacement.certfile             = None[00m [00;33m{{(pid=3609) log_opt_values /opt/stack/data/venv/lib/python3.12/site-packages/oslo_config/cfg.py:3560}}[00m
DEBUG cotyledon.oslo_config_glue [[00;36m-] [01;35mplacement.collect_timing       = False[00m [00;33m{{(pid=3609) log_opt_values /opt/stack/data/venv/lib/python3.12/site-packages/oslo_config/cfg.py:3560}}[00m
DEBUG cotyledon.oslo_config_glue [[00;36m-] [01;35mplacement.connect_retries      = None[00m [00;33m{{(pid=3609) log_opt_values /opt/stack/data/venv/lib/python3.12/site-packages/oslo_config/cfg.py:3560}}[00m
DEBUG cotyledon.oslo_config_glue [[00;36m-] [01;35mplacement.connect_retry_delay  = None[00m [00;33m{{(pid=3609) log_opt_values /opt/stack/data/venv/lib/python3.12/site-packages/oslo_config/cfg.py:3560}}[00m
DEBUG cotyledon.oslo_config_glue [[00;36m-] [01;35mplacement.default_domain_id    = None[00m [00;33m{{(pid=3609) log_opt_values /opt/stack/data/venv/lib/python3.12/site-packages/oslo_config/cfg.py:3560}}[00m
DEBUG cotyledon.oslo_config_glue [[00;36m-] [01;35mplacement.default_domain_name  = None[00m [00;33m{{(pid=3609) log_opt_values /opt/stack/data/venv/lib/python3.12/site-packages/oslo_config/cfg.py:3560}}[00m
DEBUG cotyledon.oslo_config_glue [[00;36m-] [01;35mplacement.domain_id            = None[00m [00;33m{{(pid=3609) log_opt_values /opt/stack/data/venv/lib/python3.12/site-packages/oslo_config/cfg.py:3560}}[00m
DEBUG cotyledon.oslo_config_glue [[00;36m-] [01;35mplacement.domain_name          = None[00m [00;33m{{(pid=3609) log_opt_values /opt/stack/data/venv/lib/python3.12/site-packages/oslo_config/cfg.py:3560}}[00m
DEBUG cotyledon.oslo_config_glue [[00;36m-] [01;35mplacement.endpoint_override    = None[00m [00;33m{{(pid=3609) log_opt_values /opt/stack/data/venv/lib/python3.12/site-packages/oslo_config/cfg.py:3560}}[00m
DEBUG cotyledon.oslo_config_glue [[00;36m-] [01;35mplacement.insecure             = False[00m [00;33m{{(pid=3609) log_opt_values /opt/stack/data/venv/lib/python3.12/site-packages/oslo_config/cfg.py:3560}}[00m
DEBUG cotyledon.oslo_config_glue [[00;36m-] [01;35mplacement.keyfile              = None[00m [00;33m{{(pid=3609) log_opt_values /opt/stack/data/venv/lib/python3.12/site-packages/oslo_config/cfg.py:3560}}[00m
DEBUG cotyledon.oslo_config_glue [[00;36m-] [01;35mplacement.max_version          = None[00m [00;33m{{(pid=3609) log_opt_values /opt/stack/data/venv/lib/python3.12/site-packages/oslo_config/cfg.py:3560}}[00m
DEBUG cotyledon.oslo_config_glue [[00;36m-] [01;35mplacement.min_version          = None[00m [00;33m{{(pid=3609) log_opt_values /opt/stack/data/venv/lib/python3.12/site-packages/oslo_config/cfg.py:3560}}[00m
DEBUG cotyledon.oslo_config_glue [[00;36m-] [01;35mplacement.project_domain_id    = None[00m [00;33m{{(pid=3609) log_opt_values /opt/stack/data/venv/lib/python3.12/site-packages/oslo_config/cfg.py:3560}}[00m
DEBUG cotyledon.oslo_config_glue [[00;36m-] [01;35mplacement.project_domain_name  = Default[00m [00;33m{{(pid=3609) log_opt_values /opt/stack/data/venv/lib/python3.12/site-packages/oslo_config/cfg.py:3560}}[00m
DEBUG cotyledon.oslo_config_glue [[00;36m-] [01;35mplacement.project_id           = None[00m [00;33m{{(pid=3609) log_opt_values /opt/stack/data/venv/lib/python3.12/site-packages/oslo_config/cfg.py:3560}}[00m
DEBUG cotyledon.oslo_config_glue [[00;36m-] [01;35mplacement.project_name         = service[00m [00;33m{{(pid=3609) log_opt_values /opt/stack/data/venv/lib/python3.12/site-packages/oslo_config/cfg.py:3560}}[00m
DEBUG cotyledon.oslo_config_glue [[00;36m-] [01;35mplacement.region_name          = None[00m [00;33m{{(pid=3609) log_opt_values /opt/stack/data/venv/lib/python3.12/site-packages/oslo_config/cfg.py:3560}}[00m
DEBUG cotyledon.oslo_config_glue [[00;36m-] [01;35mplacement.retriable_status_codes = None[00m [00;33m{{(pid=3609) log_opt_values /opt/stack/data/venv/lib/python3.12/site-packages/oslo_config/cfg.py:3560}}[00m
DEBUG cotyledon.oslo_config_glue [[00;36m-] [01;35mplacement.service_name         = None[00m [00;33m{{(pid=3609) log_opt_values /opt/stack/data/venv/lib/python3.12/site-packages/oslo_config/cfg.py:3560}}[00m
DEBUG cotyledon.oslo_config_glue [[00;36m-] [01;35mplacement.service_type         = placement[00m [00;33m{{(pid=3609) log_opt_values /opt/stack/data/venv/lib/python3.12/site-packages/oslo_config/cfg.py:3560}}[00m
DEBUG cotyledon.oslo_config_glue [[00;36m-] [01;35mplacement.split_loggers        = False[00m [00;33m{{(pid=3609) log_opt_values /opt/stack/data/venv/lib/python3.12/site-packages/oslo_config/cfg.py:3560}}[00m
DEBUG cotyledon.oslo_config_glue [[00;36m-] [01;35mplacement.status_code_retries  = None[00m [00;33m{{(pid=3609) log_opt_values /opt/stack/data/venv/lib/python3.12/site-packages/oslo_config/cfg.py:3560}}[00m
DEBUG cotyledon.oslo_config_glue [[00;36m-] [01;35mplacement.status_code_retry_delay = None[00m [00;33m{{(pid=3609) log_opt_values /opt/stack/data/venv/lib/python3.12/site-packages/oslo_config/cfg.py:3560}}[00m
DEBUG cotyledon.oslo_config_glue [[00;36m-] [01;35mplacement.system_scope         = None[00m [00;33m{{(pid=3609) log_opt_values /opt/stack/data/venv/lib/python3.12/site-packages/oslo_config/cfg.py:3560}}[00m
DEBUG cotyledon.oslo_config_glue [[00;36m-] [01;35mplacement.timeout              = None[00m [00;33m{{(pid=3609) log_opt_values /opt/stack/data/venv/lib/python3.12/site-packages/oslo_config/cfg.py:3560}}[00m
DEBUG cotyledon.oslo_config_glue [[00;36m-] [01;35mplacement.tls_ciphers          = None[00m [00;33m{{(pid=3609) log_opt_values /opt/stack/data/venv/lib/python3.12/site-packages/oslo_config/cfg.py:3560}}[00m
DEBUG cotyledon.oslo_config_glue [[00;36m-] [01;35mplacement.tls_min_version      = None[00m [00;33m{{(pid=3609) log_opt_values /opt/stack/data/venv/lib/python3.12/site-packages/oslo_config/cfg.py:3560}}[00m
DEBUG cotyledon.oslo_config_glue [[00;36m-] [01;35mplacement.trust_id             = None[00m [00;33m{{(pid=3609) log_opt_values /opt/stack/data/venv/lib/python3.12/site-packages/oslo_config/cfg.py:3560}}[00m
DEBUG cotyledon.oslo_config_glue [[00;36m-] [01;35mplacement.user_domain_id       = None[00m [00;33m{{(pid=3609) log_opt_values /opt/stack/data/venv/lib/python3.12/site-packages/oslo_config/cfg.py:3560}}[00m
DEBUG cotyledon.oslo_config_glue [[00;36m-] [01;35mplacement.user_domain_name     = Default[00m [00;33m{{(pid=3609) log_opt_values /opt/stack/data/venv/lib/python3.12/site-packages/oslo_config/cfg.py:3560}}[00m
DEBUG cotyledon.oslo_config_glue [[00;36m-] [01;35mplacement.user_id              = None[00m [00;33m{{(pid=3609) log_opt_values /opt/stack/data/venv/lib/python3.12/site-packages/oslo_config/cfg.py:3560}}[00m
DEBUG cotyledon.oslo_config_glue [[00;36m-] [01;35mplacement.username             = nova[00m [00;33m{{(pid=3609) log_opt_values /opt/stack/data/venv/lib/python3.12/site-packages/oslo_config/cfg.py:3560}}[00m
DEBUG cotyledon.oslo_config_glue [[00;36m-] [01;35mplacement.valid_interfaces     = ['internal', 'public'][00m [00;33m{{(pid=3609) log_opt_values /opt/stack/data/venv/lib/python3.12/site-packages/oslo_config/cfg.py:3560}}[00m
DEBUG cotyledon.oslo_config_glue [[00;36m-] [01;35mplacement.version              = None[00m [00;33m{{(pid=3609) log_opt_values /opt/stack/data/venv/lib/python3.12/site-packages/oslo_config/cfg.py:3560}}[00m
DEBUG cotyledon.oslo_config_glue [[00;36m-] [01;35mquota.count_usage_from_placement = False[00m [00;33m{{(pid=3609) log_opt_values /opt/stack/data/venv/lib/python3.12/site-packages/oslo_config/cfg.py:3560}}[00m
DEBUG cotyledon.oslo_config_glue [[00;36m-] [01;35mscheduler.limit_tenants_to_placement_aggregate = False[00m [00;33m{{(pid=3609) log_opt_values /opt/stack/data/venv/lib/python3.12/site-packages/oslo_config/cfg.py:3560}}[00m
DEBUG cotyledon.oslo_config_glue [[00;36m-] [01;35mscheduler.max_placement_results = 1000[00m [00;33m{{(pid=3609) log_opt_values /opt/stack/data/venv/lib/python3.12/site-packages/oslo_config/cfg.py:3560}}[00m
DEBUG cotyledon.oslo_config_glue [[00;36m-] [01;35mscheduler.placement_aggregate_required_for_tenants = False[00m [00;33m{{(pid=3609) log_opt_values /opt/stack/data/venv/lib/python3.12/site-packages/oslo_config/cfg.py:3560}}[00m
DEBUG cotyledon.oslo_config_glue [[00;36m-] [01;35mscheduler.query_placement_for_image_type_support = False[00m [00;33m{{(pid=3609) log_opt_values /opt/stack/data/venv/lib/python3.12/site-packages/oslo_config/cfg.py:3560}}[00m
DEBUG cotyledon.oslo_config_glue [[00;36m-] [01;35mscheduler.query_placement_for_routed_network_aggregates = False[00m [00;33m{{(pid=3609) log_opt_values /opt/stack/data/venv/lib/python3.12/site-packages/oslo_config/cfg.py:3560}}[00m
DEBUG cotyledon.oslo_config_glue [[00;36m-] [01;35mfilter_scheduler.pci_in_placement = False[00m [00;33m{{(pid=3609) log_opt_values /opt/stack/data/venv/lib/python3.12/site-packages/oslo_config/cfg.py:3560}}[00m
DEBUG cotyledon.oslo_config_glue [[01;36mNone req-9b284265-87b2-40de-97fe-ea0b4d484074 [00;36mNone None] [01;35mcompute.resource_provider_association_refresh = 300[00m [00;33m{{(pid=233590) log_opt_values /opt/stack/data/venv/lib/python3.12/site-packages/oslo_config/cfg.py:3560}}[00m
DEBUG cotyledon.oslo_config_glue [[01;36mNone req-9b284265-87b2-40de-97fe-ea0b4d484074 [00;36mNone None] [01;35mpci.report_in_placement        = False[00m [00;33m{{(pid=233590) log_opt_values /opt/stack/data/venv/lib/python3.12/site-packages/oslo_config/cfg.py:3560}}[00m
DEBUG cotyledon.oslo_config_glue [[01;36mNone req-9b284265-87b2-40de-97fe-ea0b4d484074 [00;36mNone None] [01;35mplacement.auth_section         = None[00m [00;33m{{(pid=233590) log_opt_values /opt/stack/data/venv/lib/python3.12/site-packages/oslo_config/cfg.py:3560}}[00m
DEBUG cotyledon.oslo_config_glue [[01;36mNone req-9b284265-87b2-40de-97fe-ea0b4d484074 [00;36mNone None] [01;35mplacement.auth_url             = http://192.168.122.10/identity[00m [00;33m{{(pid=233590) log_opt_values /opt/stack/data/venv/lib/python3.12/site-packages/oslo_config/cfg.py:3560}}[00m
DEBUG cotyledon.oslo_config_glue [[01;36mNone req-9b284265-87b2-40de-97fe-ea0b4d484074 [00;36mNone None] [01;35mplacement.cafile               = None[00m [00;33m{{(pid=233590) log_opt_values /opt/stack/data/venv/lib/python3.12/site-packages/oslo_config/cfg.py:3560}}[00m
DEBUG cotyledon.oslo_config_glue [[01;36mNone req-9b284265-87b2-40de-97fe-ea0b4d484074 [00;36mNone None] [01;35mplacement.certfile             = None[00m [00;33m{{(pid=233590) log_opt_values /opt/stack/data/venv/lib/python3.12/site-packages/oslo_config/cfg.py:3560}}[00m
DEBUG cotyledon.oslo_config_glue [[01;36mNone req-9b284265-87b2-40de-97fe-ea0b4d484074 [00;36mNone None] [01;35mplacement.collect_timing       = False[00m [00;33m{{(pid=233590) log_opt_values /opt/stack/data/venv/lib/python3.12/site-packages/oslo_config/cfg.py:3560}}[00m
DEBUG cotyledon.oslo_config_glue [[01;36mNone req-9b284265-87b2-40de-97fe-ea0b4d484074 [00;36mNone None] [01;35mplacement.connect_retries      = None[00m [00;33m{{(pid=233590) log_opt_values /opt/stack/data/venv/lib/python3.12/site-packages/oslo_config/cfg.py:3560}}[00m
DEBUG cotyledon.oslo_config_glue [[01;36mNone req-9b284265-87b2-40de-97fe-ea0b4d484074 [00;36mNone None] [01;35mplacement.connect_retry_delay  = None[00m [00;33m{{(pid=233590) log_opt_values /opt/stack/data/venv/lib/python3.12/site-packages/oslo_config/cfg.py:3560}}[00m
DEBUG cotyledon.oslo_config_glue [[01;36mNone req-9b284265-87b2-40de-97fe-ea0b4d484074 [00;36mNone None] [01;35mplacement.default_domain_id    = None[00m [00;33m{{(pid=233590) log_opt_values /opt/stack/data/venv/lib/python3.12/site-packages/oslo_config/cfg.py:3560}}[00m
DEBUG cotyledon.oslo_config_glue [[01;36mNone req-9b284265-87b2-40de-97fe-ea0b4d484074 [00;36mNone None] [01;35mplacement.default_domain_name  = None[00m [00;33m{{(pid=233590) log_opt_values /opt/stack/data/venv/lib/python3.12/site-packages/oslo_config/cfg.py:3560}}[00m
DEBUG cotyledon.oslo_config_glue [[01;36mNone req-9b284265-87b2-40de-97fe-ea0b4d484074 [00;36mNone None] [01;35mplacement.domain_id            = None[00m [00;33m{{(pid=233590) log_opt_values /opt/stack/data/venv/lib/python3.12/site-packages/oslo_config/cfg.py:3560}}[00m
DEBUG cotyledon.oslo_config_glue [[01;36mNone req-9b284265-87b2-40de-97fe-ea0b4d484074 [00;36mNone None] [01;35mplacement.domain_name          = None[00m [00;33m{{(pid=233590) log_opt_values /opt/stack/data/venv/lib/python3.12/site-packages/oslo_config/cfg.py:3560}}[00m
DEBUG cotyledon.oslo_config_glue [[01;36mNone req-9b284265-87b2-40de-97fe-ea0b4d484074 [00;36mNone None] [01;35mplacement.endpoint_override    = None[00m [00;33m{{(pid=233590) log_opt_values /opt/stack/data/venv/lib/python3.12/site-packages/oslo_config/cfg.py:3560}}[00m
DEBUG cotyledon.oslo_config_glue [[01;36mNone req-9b284265-87b2-40de-97fe-ea0b4d484074 [00;36mNone None] [01;35mplacement.insecure             = False[00m [00;33m{{(pid=233590) log_opt_values /opt/stack/data/venv/lib/python3.12/site-packages/oslo_config/cfg.py:3560}}[00m
DEBUG cotyledon.oslo_config_glue [[01;36mNone req-9b284265-87b2-40de-97fe-ea0b4d484074 [00;36mNone None] [01;35mplacement.keyfile              = None[00m [00;33m{{(pid=233590) log_opt_values /opt/stack/data/venv/lib/python3.12/site-packages/oslo_config/cfg.py:3560}}[00m
DEBUG cotyledon.oslo_config_glue [[01;36mNone req-9b284265-87b2-40de-97fe-ea0b4d484074 [00;36mNone None] [01;35mplacement.max_version          = None[00m [00;33m{{(pid=233590) log_opt_values /opt/stack/data/venv/lib/python3.12/site-packages/oslo_config/cfg.py:3560}}[00m
DEBUG cotyledon.oslo_config_glue [[01;36mNone req-9b284265-87b2-40de-97fe-ea0b4d484074 [00;36mNone None] [01;35mplacement.min_version          = None[00m [00;33m{{(pid=233590) log_opt_values /opt/stack/data/venv/lib/python3.12/site-packages/oslo_config/cfg.py:3560}}[00m
DEBUG cotyledon.oslo_config_glue [[01;36mNone req-9b284265-87b2-40de-97fe-ea0b4d484074 [00;36mNone None] [01;35mplacement.project_domain_id    = None[00m [00;33m{{(pid=233590) log_opt_values /opt/stack/data/venv/lib/python3.12/site-packages/oslo_config/cfg.py:3560}}[00m
DEBUG cotyledon.oslo_config_glue [[01;36mNone req-9b284265-87b2-40de-97fe-ea0b4d484074 [00;36mNone None] [01;35mplacement.project_domain_name  = Default[00m [00;33m{{(pid=233590) log_opt_values /opt/stack/data/venv/lib/python3.12/site-packages/oslo_config/cfg.py:3560}}[00m
DEBUG cotyledon.oslo_config_glue [[01;36mNone req-9b284265-87b2-40de-97fe-ea0b4d484074 [00;36mNone None] [01;35mplacement.project_id           = None[00m [00;33m{{(pid=233590) log_opt_values /opt/stack/data/venv/lib/python3.12/site-packages/oslo_config/cfg.py:3560}}[00m
DEBUG cotyledon.oslo_config_glue [[01;36mNone req-9b284265-87b2-40de-97fe-ea0b4d484074 [00;36mNone None] [01;35mplacement.project_name         = service[00m [00;33m{{(pid=233590) log_opt_values /opt/stack/data/venv/lib/python3.12/site-packages/oslo_config/cfg.py:3560}}[00m
DEBUG cotyledon.oslo_config_glue [[01;36mNone req-9b284265-87b2-40de-97fe-ea0b4d484074 [00;36mNone None] [01;35mplacement.region_name          = None[00m [00;33m{{(pid=233590) log_opt_values /opt/stack/data/venv/lib/python3.12/site-packages/oslo_config/cfg.py:3560}}[00m
DEBUG cotyledon.oslo_config_glue [[01;36mNone req-9b284265-87b2-40de-97fe-ea0b4d484074 [00;36mNone None] [01;35mplacement.retriable_status_codes = None[00m [00;33m{{(pid=233590) log_opt_values /opt/stack/data/venv/lib/python3.12/site-packages/oslo_config/cfg.py:3560}}[00m
DEBUG cotyledon.oslo_config_glue [[01;36mNone req-9b284265-87b2-40de-97fe-ea0b4d484074 [00;36mNone None] [01;35mplacement.service_name         = None[00m [00;33m{{(pid=233590) log_opt_values /opt/stack/data/venv/lib/python3.12/site-packages/oslo_config/cfg.py:3560}}[00m
DEBUG cotyledon.oslo_config_glue [[01;36mNone req-9b284265-87b2-40de-97fe-ea0b4d484074 [00;36mNone None] [01;35mplacement.service_type         = placement[00m [00;33m{{(pid=233590) log_opt_values /opt/stack/data/venv/lib/python3.12/site-packages/oslo_config/cfg.py:3560}}[00m
DEBUG cotyledon.oslo_config_glue [[01;36mNone req-9b284265-87b2-40de-97fe-ea0b4d484074 [00;36mNone None] [01;35mplacement.split_loggers        = False[00m [00;33m{{(pid=233590) log_opt_values /opt/stack/data/venv/lib/python3.12/site-packages/oslo_config/cfg.py:3560}}[00m
DEBUG cotyledon.oslo_config_glue [[01;36mNone req-9b284265-87b2-40de-97fe-ea0b4d484074 [00;36mNone None] [01;35mplacement.status_code_retries  = None[00m [00;33m{{(pid=233590) log_opt_values /opt/stack/data/venv/lib/python3.12/site-packages/oslo_config/cfg.py:3560}}[00m
DEBUG cotyledon.oslo_config_glue [[01;36mNone req-9b284265-87b2-40de-97fe-ea0b4d484074 [00;36mNone None] [01;35mplacement.status_code_retry_delay = None[00m [00;33m{{(pid=233590) log_opt_values /opt/stack/data/venv/lib/python3.12/site-packages/oslo_config/cfg.py:3560}}[00m
DEBUG cotyledon.oslo_config_glue [[01;36mNone req-9b284265-87b2-40de-97fe-ea0b4d484074 [00;36mNone None] [01;35mplacement.system_scope         = None[00m [00;33m{{(pid=233590) log_opt_values /opt/stack/data/venv/lib/python3.12/site-packages/oslo_config/cfg.py:3560}}[00m
DEBUG cotyledon.oslo_config_glue [[01;36mNone req-9b284265-87b2-40de-97fe-ea0b4d484074 [00;36mNone None] [01;35mplacement.timeout              = None[00m [00;33m{{(pid=233590) log_opt_values /opt/stack/data/venv/lib/python3.12/site-packages/oslo_config/cfg.py:3560}}[00m
DEBUG cotyledon.oslo_config_glue [[01;36mNone req-9b284265-87b2-40de-97fe-ea0b4d484074 [00;36mNone None] [01;35mplacement.tls_ciphers          = None[00m [00;33m{{(pid=233590) log_opt_values /opt/stack/data/venv/lib/python3.12/site-packages/oslo_config/cfg.py:3560}}[00m
DEBUG cotyledon.oslo_config_glue [[01;36mNone req-9b284265-87b2-40de-97fe-ea0b4d484074 [00;36mNone None] [01;35mplacement.tls_min_version      = None[00m [00;33m{{(pid=233590) log_opt_values /opt/stack/data/venv/lib/python3.12/site-packages/oslo_config/cfg.py:3560}}[00m
DEBUG cotyledon.oslo_config_glue [[01;36mNone req-9b284265-87b2-40de-97fe-ea0b4d484074 [00;36mNone None] [01;35mplacement.trust_id             = None[00m [00;33m{{(pid=233590) log_opt_values /opt/stack/data/venv/lib/python3.12/site-packages/oslo_config/cfg.py:3560}}[00m
DEBUG cotyledon.oslo_config_glue [[01;36mNone req-9b284265-87b2-40de-97fe-ea0b4d484074 [00;36mNone None] [01;35mplacement.user_domain_id       = None[00m [00;33m{{(pid=233590) log_opt_values /opt/stack/data/venv/lib/python3.12/site-packages/oslo_config/cfg.py:3560}}[00m
DEBUG cotyledon.oslo_config_glue [[01;36mNone req-9b284265-87b2-40de-97fe-ea0b4d484074 [00;36mNone None] [01;35mplacement.user_domain_name     = Default[00m [00;33m{{(pid=233590) log_opt_values /opt/stack/data/venv/lib/python3.12/site-packages/oslo_config/cfg.py:3560}}[00m
DEBUG cotyledon.oslo_config_glue [[01;36mNone req-9b284265-87b2-40de-97fe-ea0b4d484074 [00;36mNone None] [01;35mplacement.user_id              = None[00m [00;33m{{(pid=233590) log_opt_values /opt/stack/data/venv/lib/python3.12/site-packages/oslo_config/cfg.py:3560}}[00m
DEBUG cotyledon.oslo_config_glue [[01;36mNone req-9b284265-87b2-40de-97fe-ea0b4d484074 [00;36mNone None] [01;35mplacement.username             = nova[00m [00;33m{{(pid=233590) log_opt_values /opt/stack/data/venv/lib/python3.12/site-packages/oslo_config/cfg.py:3560}}[00m
DEBUG cotyledon.oslo_config_glue [[01;36mNone req-9b284265-87b2-40de-97fe-ea0b4d484074 [00;36mNone None] [01;35mplacement.valid_interfaces     = ['internal', 'public'][00m [00;33m{{(pid=233590) log_opt_values /opt/stack/data/venv/lib/python3.12/site-packages/oslo_config/cfg.py:3560}}[00m
DEBUG cotyledon.oslo_config_glue [[01;36mNone req-9b284265-87b2-40de-97fe-ea0b4d484074 [00;36mNone None] [01;35mplacement.version              = None[00m [00;33m{{(pid=233590) log_opt_values /opt/stack/data/venv/lib/python3.12/site-packages/oslo_config/cfg.py:3560}}[00m
DEBUG cotyledon.oslo_config_glue [[01;36mNone req-9b284265-87b2-40de-97fe-ea0b4d484074 [00;36mNone None] [01;35mquota.count_usage_from_placement = False[00m [00;33m{{(pid=233590) log_opt_values /opt/stack/data/venv/lib/python3.12/site-packages/oslo_config/cfg.py:3560}}[00m
DEBUG cotyledon.oslo_config_glue [[01;36mNone req-9b284265-87b2-40de-97fe-ea0b4d484074 [00;36mNone None] [01;35mscheduler.limit_tenants_to_placement_aggregate = False[00m [00;33m{{(pid=233590) log_opt_values /opt/stack/data/venv/lib/python3.12/site-packages/oslo_config/cfg.py:3560}}[00m
DEBUG cotyledon.oslo_config_glue [[01;36mNone req-9b284265-87b2-40de-97fe-ea0b4d484074 [00;36mNone None] [01;35mscheduler.max_placement_results = 1000[00m [00;33m{{(pid=233590) log_opt_values /opt/stack/data/venv/lib/python3.12/site-packages/oslo_config/cfg.py:3560}}[00m
DEBUG cotyledon.oslo_config_glue [[01;36mNone req-9b284265-87b2-40de-97fe-ea0b4d484074 [00;36mNone None] [01;35mscheduler.placement_aggregate_required_for_tenants = False[00m [00;33m{{(pid=233590) log_opt_values /opt/stack/data/venv/lib/python3.12/site-packages/oslo_config/cfg.py:3560}}[00m
DEBUG cotyledon.oslo_config_glue [[01;36mNone req-9b284265-87b2-40de-97fe-ea0b4d484074 [00;36mNone None] [01;35mscheduler.query_placement_for_image_type_support = False[00m [00;33m{{(pid=233590) log_opt_values /opt/stack/data/venv/lib/python3.12/site-packages/oslo_config/cfg.py:3560}}[00m
DEBUG cotyledon.oslo_config_glue [[01;36mNone req-9b284265-87b2-40de-97fe-ea0b4d484074 [00;36mNone None] [01;35mscheduler.query_placement_for_routed_network_aggregates = False[00m [00;33m{{(pid=233590) log_opt_values /opt/stack/data/venv/lib/python3.12/site-packages/oslo_config/cfg.py:3560}}[00m
DEBUG cotyledon.oslo_config_glue [[01;36mNone req-9b284265-87b2-40de-97fe-ea0b4d484074 [00;36mNone None] [01;35mfilter_scheduler.pci_in_placement = False[00m [00;33m{{(pid=233590) log_opt_values /opt/stack/data/venv/lib/python3.12/site-packages/oslo_config/cfg.py:3560}}[00m
DEBUG cotyledon.oslo_config_glue [[00;36m-] [01;35mcompute.resource_provider_association_refresh = 300[00m [00;33m{{(pid=235428) log_opt_values /opt/stack/data/venv/lib/python3.12/site-packages/oslo_config/cfg.py:3560}}[00m
DEBUG cotyledon.oslo_config_glue [[00;36m-] [01;35mpci.report_in_placement        = False[00m [00;33m{{(pid=235428) log_opt_values /opt/stack/data/venv/lib/python3.12/site-packages/oslo_config/cfg.py:3560}}[00m
DEBUG cotyledon.oslo_config_glue [[00;36m-] [01;35mplacement.auth_section         = None[00m [00;33m{{(pid=235428) log_opt_values /opt/stack/data/venv/lib/python3.12/site-packages/oslo_config/cfg.py:3560}}[00m
DEBUG cotyledon.oslo_config_glue [[00;36m-] [01;35mplacement.auth_url             = http://192.168.122.10/identity[00m [00;33m{{(pid=235428) log_opt_values /opt/stack/data/venv/lib/python3.12/site-packages/oslo_config/cfg.py:3560}}[00m
DEBUG cotyledon.oslo_config_glue [[00;36m-] [01;35mplacement.cafile               = None[00m [00;33m{{(pid=235428) log_opt_values /opt/stack/data/venv/lib/python3.12/site-packages/oslo_config/cfg.py:3560}}[00m
DEBUG cotyledon.oslo_config_glue [[00;36m-] [01;35mplacement.certfile             = None[00m [00;33m{{(pid=235428) log_opt_values /opt/stack/data/venv/lib/python3.12/site-packages/oslo_config/cfg.py:3560}}[00m
DEBUG cotyledon.oslo_config_glue [[00;36m-] [01;35mplacement.collect_timing       = False[00m [00;33m{{(pid=235428) log_opt_values /opt/stack/data/venv/lib/python3.12/site-packages/oslo_config/cfg.py:3560}}[00m
DEBUG cotyledon.oslo_config_glue [[00;36m-] [01;35mplacement.connect_retries      = None[00m [00;33m{{(pid=235428) log_opt_values /opt/stack/data/venv/lib/python3.12/site-packages/oslo_config/cfg.py:3560}}[00m
DEBUG cotyledon.oslo_config_glue [[00;36m-] [01;35mplacement.connect_retry_delay  = None[00m [00;33m{{(pid=235428) log_opt_values /opt/stack/data/venv/lib/python3.12/site-packages/oslo_config/cfg.py:3560}}[00m
DEBUG cotyledon.oslo_config_glue [[00;36m-] [01;35mplacement.default_domain_id    = None[00m [00;33m{{(pid=235428) log_opt_values /opt/stack/data/venv/lib/python3.12/site-packages/oslo_config/cfg.py:3560}}[00m
DEBUG cotyledon.oslo_config_glue [[00;36m-] [01;35mplacement.default_domain_name  = None[00m [00;33m{{(pid=235428) log_opt_values /opt/stack/data/venv/lib/python3.12/site-packages/oslo_config/cfg.py:3560}}[00m
DEBUG cotyledon.oslo_config_glue [[00;36m-] [01;35mplacement.domain_id            = None[00m [00;33m{{(pid=235428) log_opt_values /opt/stack/data/venv/lib/python3.12/site-packages/oslo_config/cfg.py:3560}}[00m
DEBUG cotyledon.oslo_config_glue [[00;36m-] [01;35mplacement.domain_name          = None[00m [00;33m{{(pid=235428) log_opt_values /opt/stack/data/venv/lib/python3.12/site-packages/oslo_config/cfg.py:3560}}[00m
DEBUG cotyledon.oslo_config_glue [[00;36m-] [01;35mplacement.endpoint_override    = None[00m [00;33m{{(pid=235428) log_opt_values /opt/stack/data/venv/lib/python3.12/site-packages/oslo_config/cfg.py:3560}}[00m
DEBUG cotyledon.oslo_config_glue [[00;36m-] [01;35mplacement.insecure             = False[00m [00;33m{{(pid=235428) log_opt_values /opt/stack/data/venv/lib/python3.12/site-packages/oslo_config/cfg.py:3560}}[00m
DEBUG cotyledon.oslo_config_glue [[00;36m-] [01;35mplacement.keyfile              = None[00m [00;33m{{(pid=235428) log_opt_values /opt/stack/data/venv/lib/python3.12/site-packages/oslo_config/cfg.py:3560}}[00m
DEBUG cotyledon.oslo_config_glue [[00;36m-] [01;35mplacement.max_version          = None[00m [00;33m{{(pid=235428) log_opt_values /opt/stack/data/venv/lib/python3.12/site-packages/oslo_config/cfg.py:3560}}[00m
DEBUG cotyledon.oslo_config_glue [[00;36m-] [01;35mplacement.min_version          = None[00m [00;33m{{(pid=235428) log_opt_values /opt/stack/data/venv/lib/python3.12/site-packages/oslo_config/cfg.py:3560}}[00m
DEBUG cotyledon.oslo_config_glue [[00;36m-] [01;35mplacement.project_domain_id    = None[00m [00;33m{{(pid=235428) log_opt_values /opt/stack/data/venv/lib/python3.12/site-packages/oslo_config/cfg.py:3560}}[00m
DEBUG cotyledon.oslo_config_glue [[00;36m-] [01;35mplacement.project_domain_name  = Default[00m [00;33m{{(pid=235428) log_opt_values /opt/stack/data/venv/lib/python3.12/site-packages/oslo_config/cfg.py:3560}}[00m
DEBUG cotyledon.oslo_config_glue [[00;36m-] [01;35mplacement.project_id           = None[00m [00;33m{{(pid=235428) log_opt_values /opt/stack/data/venv/lib/python3.12/site-packages/oslo_config/cfg.py:3560}}[00m
DEBUG cotyledon.oslo_config_glue [[00;36m-] [01;35mplacement.project_name         = service[00m [00;33m{{(pid=235428) log_opt_values /opt/stack/data/venv/lib/python3.12/site-packages/oslo_config/cfg.py:3560}}[00m
DEBUG cotyledon.oslo_config_glue [[00;36m-] [01;35mplacement.region_name          = None[00m [00;33m{{(pid=235428) log_opt_values /opt/stack/data/venv/lib/python3.12/site-packages/oslo_config/cfg.py:3560}}[00m
DEBUG cotyledon.oslo_config_glue [[00;36m-] [01;35mplacement.retriable_status_codes = None[00m [00;33m{{(pid=235428) log_opt_values /opt/stack/data/venv/lib/python3.12/site-packages/oslo_config/cfg.py:3560}}[00m
DEBUG cotyledon.oslo_config_glue [[00;36m-] [01;35mplacement.service_name         = None[00m [00;33m{{(pid=235428) log_opt_values /opt/stack/data/venv/lib/python3.12/site-packages/oslo_config/cfg.py:3560}}[00m
DEBUG cotyledon.oslo_config_glue [[00;36m-] [01;35mplacement.service_type         = placement[00m [00;33m{{(pid=235428) log_opt_values /opt/stack/data/venv/lib/python3.12/site-packages/oslo_config/cfg.py:3560}}[00m
DEBUG cotyledon.oslo_config_glue [[00;36m-] [01;35mplacement.split_loggers        = False[00m [00;33m{{(pid=235428) log_opt_values /opt/stack/data/venv/lib/python3.12/site-packages/oslo_config/cfg.py:3560}}[00m
DEBUG cotyledon.oslo_config_glue [[00;36m-] [01;35mplacement.status_code_retries  = None[00m [00;33m{{(pid=235428) log_opt_values /opt/stack/data/venv/lib/python3.12/site-packages/oslo_config/cfg.py:3560}}[00m
DEBUG cotyledon.oslo_config_glue [[00;36m-] [01;35mplacement.status_code_retry_delay = None[00m [00;33m{{(pid=235428) log_opt_values /opt/stack/data/venv/lib/python3.12/site-packages/oslo_config/cfg.py:3560}}[00m
DEBUG cotyledon.oslo_config_glue [[00;36m-] [01;35mplacement.system_scope         = None[00m [00;33m{{(pid=235428) log_opt_values /opt/stack/data/venv/lib/python3.12/site-packages/oslo_config/cfg.py:3560}}[00m
DEBUG cotyledon.oslo_config_glue [[00;36m-] [01;35mplacement.timeout              = None[00m [00;33m{{(pid=235428) log_opt_values /opt/stack/data/venv/lib/python3.12/site-packages/oslo_config/cfg.py:3560}}[00m
DEBUG cotyledon.oslo_config_glue [[00;36m-] [01;35mplacement.tls_ciphers          = None[00m [00;33m{{(pid=235428) log_opt_values /opt/stack/data/venv/lib/python3.12/site-packages/oslo_config/cfg.py:3560}}[00m
DEBUG cotyledon.oslo_config_glue [[00;36m-] [01;35mplacement.tls_min_version      = None[00m [00;33m{{(pid=235428) log_opt_values /opt/stack/data/venv/lib/python3.12/site-packages/oslo_config/cfg.py:3560}}[00m
DEBUG cotyledon.oslo_config_glue [[00;36m-] [01;35mplacement.trust_id             = None[00m [00;33m{{(pid=235428) log_opt_values /opt/stack/data/venv/lib/python3.12/site-packages/oslo_config/cfg.py:3560}}[00m
DEBUG cotyledon.oslo_config_glue [[00;36m-] [01;35mplacement.user_domain_id       = None[00m [00;33m{{(pid=235428) log_opt_values /opt/stack/data/venv/lib/python3.12/site-packages/oslo_config/cfg.py:3560}}[00m
DEBUG cotyledon.oslo_config_glue [[00;36m-] [01;35mplacement.user_domain_name     = Default[00m [00;33m{{(pid=235428) log_opt_values /opt/stack/data/venv/lib/python3.12/site-packages/oslo_config/cfg.py:3560}}[00m
DEBUG cotyledon.oslo_config_glue [[00;36m-] [01;35mplacement.user_id              = None[00m [00;33m{{(pid=235428) log_opt_values /opt/stack/data/venv/lib/python3.12/site-packages/oslo_config/cfg.py:3560}}[00m
DEBUG cotyledon.oslo_config_glue [[00;36m-] [01;35mplacement.username             = nova[00m [00;33m{{(pid=235428) log_opt_values /opt/stack/data/venv/lib/python3.12/site-packages/oslo_config/cfg.py:3560}}[00m
DEBUG cotyledon.oslo_config_glue [[00;36m-] [01;35mplacement.valid_interfaces     = ['internal', 'public'][00m [00;33m{{(pid=235428) log_opt_values /opt/stack/data/venv/lib/python3.12/site-packages/oslo_config/cfg.py:3560}}[00m
DEBUG cotyledon.oslo_config_glue [[00;36m-] [01;35mplacement.version              = None[00m [00;33m{{(pid=235428) log_opt_values /opt/stack/data/venv/lib/python3.12/site-packages/oslo_config/cfg.py:3560}}[00m
DEBUG cotyledon.oslo_config_glue [[00;36m-] [01;35mquota.count_usage_from_placement = False[00m [00;33m{{(pid=235428) log_opt_values /opt/stack/data/venv/lib/python3.12/site-packages/oslo_config/cfg.py:3560}}[00m
DEBUG cotyledon.oslo_config_glue [[00;36m-] [01;35mscheduler.limit_tenants_to_placement_aggregate = False[00m [00;33m{{(pid=235428) log_opt_values /opt/stack/data/venv/lib/python3.12/site-packages/oslo_config/cfg.py:3560}}[00m
DEBUG cotyledon.oslo_config_glue [[00;36m-] [01;35mscheduler.max_placement_results = 1000[00m [00;33m{{(pid=235428) log_opt_values /opt/stack/data/venv/lib/python3.12/site-packages/oslo_config/cfg.py:3560}}[00m
DEBUG cotyledon.oslo_config_glue [[00;36m-] [01;35mscheduler.placement_aggregate_required_for_tenants = False[00m [00;33m{{(pid=235428) log_opt_values /opt/stack/data/venv/lib/python3.12/site-packages/oslo_config/cfg.py:3560}}[00m
DEBUG cotyledon.oslo_config_glue [[00;36m-] [01;35mscheduler.query_placement_for_image_type_support = False[00m [00;33m{{(pid=235428) log_opt_values /opt/stack/data/venv/lib/python3.12/site-packages/oslo_config/cfg.py:3560}}[00m
DEBUG cotyledon.oslo_config_glue [[00;36m-] [01;35mscheduler.query_placement_for_routed_network_aggregates = False[00m [00;33m{{(pid=235428) log_opt_values /opt/stack/data/venv/lib/python3.12/site-packages/oslo_config/cfg.py:3560}}[00m
DEBUG cotyledon.oslo_config_glue [[00;36m-] [01;35mfilter_scheduler.pci_in_placement = False[00m [00;33m{{(pid=235428) log_opt_values /opt/stack/data/venv/lib/python3.12/site-packages/oslo_config/cfg.py:3560}}[00m
DEBUG cotyledon.oslo_config_glue [[00;36m-] [01;35mcompute.resource_provider_association_refresh = 300[00m [00;33m{{(pid=235446) log_opt_values /opt/stack/data/venv/lib/python3.12/site-packages/oslo_config/cfg.py:3560}}[00m
DEBUG cotyledon.oslo_config_glue [[00;36m-] [01;35mpci.report_in_placement        = False[00m [00;33m{{(pid=235446) log_opt_values /opt/stack/data/venv/lib/python3.12/site-packages/oslo_config/cfg.py:3560}}[00m
DEBUG cotyledon.oslo_config_glue [[00;36m-] [01;35mplacement.auth_section         = None[00m [00;33m{{(pid=235446) log_opt_values /opt/stack/data/venv/lib/python3.12/site-packages/oslo_config/cfg.py:3560}}[00m
DEBUG cotyledon.oslo_config_glue [[00;36m-] [01;35mplacement.auth_url             = http://192.168.122.10/identity[00m [00;33m{{(pid=235446) log_opt_values /opt/stack/data/venv/lib/python3.12/site-packages/oslo_config/cfg.py:3560}}[00m
DEBUG cotyledon.oslo_config_glue [[00;36m-] [01;35mplacement.cafile               = None[00m [00;33m{{(pid=235446) log_opt_values /opt/stack/data/venv/lib/python3.12/site-packages/oslo_config/cfg.py:3560}}[00m
DEBUG cotyledon.oslo_config_glue [[00;36m-] [01;35mplacement.certfile             = None[00m [00;33m{{(pid=235446) log_opt_values /opt/stack/data/venv/lib/python3.12/site-packages/oslo_config/cfg.py:3560}}[00m
DEBUG cotyledon.oslo_config_glue [[00;36m-] [01;35mplacement.collect_timing       = False[00m [00;33m{{(pid=235446) log_opt_values /opt/stack/data/venv/lib/python3.12/site-packages/oslo_config/cfg.py:3560}}[00m
DEBUG cotyledon.oslo_config_glue [[00;36m-] [01;35mplacement.connect_retries      = None[00m [00;33m{{(pid=235446) log_opt_values /opt/stack/data/venv/lib/python3.12/site-packages/oslo_config/cfg.py:3560}}[00m
DEBUG cotyledon.oslo_config_glue [[00;36m-] [01;35mplacement.connect_retry_delay  = None[00m [00;33m{{(pid=235446) log_opt_values /opt/stack/data/venv/lib/python3.12/site-packages/oslo_config/cfg.py:3560}}[00m
DEBUG cotyledon.oslo_config_glue [[00;36m-] [01;35mplacement.default_domain_id    = None[00m [00;33m{{(pid=235446) log_opt_values /opt/stack/data/venv/lib/python3.12/site-packages/oslo_config/cfg.py:3560}}[00m
DEBUG cotyledon.oslo_config_glue [[00;36m-] [01;35mplacement.default_domain_name  = None[00m [00;33m{{(pid=235446) log_opt_values /opt/stack/data/venv/lib/python3.12/site-packages/oslo_config/cfg.py:3560}}[00m
DEBUG cotyledon.oslo_config_glue [[00;36m-] [01;35mplacement.domain_id            = None[00m [00;33m{{(pid=235446) log_opt_values /opt/stack/data/venv/lib/python3.12/site-packages/oslo_config/cfg.py:3560}}[00m
DEBUG cotyledon.oslo_config_glue [[00;36m-] [01;35mplacement.domain_name          = None[00m [00;33m{{(pid=235446) log_opt_values /opt/stack/data/venv/lib/python3.12/site-packages/oslo_config/cfg.py:3560}}[00m
DEBUG cotyledon.oslo_config_glue [[00;36m-] [01;35mplacement.endpoint_override    = None[00m [00;33m{{(pid=235446) log_opt_values /opt/stack/data/venv/lib/python3.12/site-packages/oslo_config/cfg.py:3560}}[00m
DEBUG cotyledon.oslo_config_glue [[00;36m-] [01;35mplacement.insecure             = False[00m [00;33m{{(pid=235446) log_opt_values /opt/stack/data/venv/lib/python3.12/site-packages/oslo_config/cfg.py:3560}}[00m
DEBUG cotyledon.oslo_config_glue [[00;36m-] [01;35mplacement.keyfile              = None[00m [00;33m{{(pid=235446) log_opt_values /opt/stack/data/venv/lib/python3.12/site-packages/oslo_config/cfg.py:3560}}[00m
DEBUG cotyledon.oslo_config_glue [[00;36m-] [01;35mplacement.max_version          = None[00m [00;33m{{(pid=235446) log_opt_values /opt/stack/data/venv/lib/python3.12/site-packages/oslo_config/cfg.py:3560}}[00m
DEBUG cotyledon.oslo_config_glue [[00;36m-] [01;35mplacement.min_version          = None[00m [00;33m{{(pid=235446) log_opt_values /opt/stack/data/venv/lib/python3.12/site-packages/oslo_config/cfg.py:3560}}[00m
DEBUG cotyledon.oslo_config_glue [[00;36m-] [01;35mplacement.project_domain_id    = None[00m [00;33m{{(pid=235446) log_opt_values /opt/stack/data/venv/lib/python3.12/site-packages/oslo_config/cfg.py:3560}}[00m
DEBUG cotyledon.oslo_config_glue [[00;36m-] [01;35mplacement.project_domain_name  = Default[00m [00;33m{{(pid=235446) log_opt_values /opt/stack/data/venv/lib/python3.12/site-packages/oslo_config/cfg.py:3560}}[00m
DEBUG cotyledon.oslo_config_glue [[00;36m-] [01;35mplacement.project_id           = None[00m [00;33m{{(pid=235446) log_opt_values /opt/stack/data/venv/lib/python3.12/site-packages/oslo_config/cfg.py:3560}}[00m
DEBUG cotyledon.oslo_config_glue [[00;36m-] [01;35mplacement.project_name         = service[00m [00;33m{{(pid=235446) log_opt_values /opt/stack/data/venv/lib/python3.12/site-packages/oslo_config/cfg.py:3560}}[00m
DEBUG cotyledon.oslo_config_glue [[00;36m-] [01;35mplacement.region_name          = None[00m [00;33m{{(pid=235446) log_opt_values /opt/stack/data/venv/lib/python3.12/site-packages/oslo_config/cfg.py:3560}}[00m
DEBUG cotyledon.oslo_config_glue [[00;36m-] [01;35mplacement.retriable_status_codes = None[00m [00;33m{{(pid=235446) log_opt_values /opt/stack/data/venv/lib/python3.12/site-packages/oslo_config/cfg.py:3560}}[00m
DEBUG cotyledon.oslo_config_glue [[00;36m-] [01;35mplacement.service_name         = None[00m [00;33m{{(pid=235446) log_opt_values /opt/stack/data/venv/lib/python3.12/site-packages/oslo_config/cfg.py:3560}}[00m
DEBUG cotyledon.oslo_config_glue [[00;36m-] [01;35mplacement.service_type         = placement[00m [00;33m{{(pid=235446) log_opt_values /opt/stack/data/venv/lib/python3.12/site-packages/oslo_config/cfg.py:3560}}[00m
DEBUG cotyledon.oslo_config_glue [[00;36m-] [01;35mplacement.split_loggers        = False[00m [00;33m{{(pid=235446) log_opt_values /opt/stack/data/venv/lib/python3.12/site-packages/oslo_config/cfg.py:3560}}[00m
DEBUG cotyledon.oslo_config_glue [[00;36m-] [01;35mplacement.status_code_retries  = None[00m [00;33m{{(pid=235446) log_opt_values /opt/stack/data/venv/lib/python3.12/site-packages/oslo_config/cfg.py:3560}}[00m
DEBUG cotyledon.oslo_config_glue [[00;36m-] [01;35mplacement.status_code_retry_delay = None[00m [00;33m{{(pid=235446) log_opt_values /opt/stack/data/venv/lib/python3.12/site-packages/oslo_config/cfg.py:3560}}[00m
DEBUG cotyledon.oslo_config_glue [[00;36m-] [01;35mplacement.system_scope         = None[00m [00;33m{{(pid=235446) log_opt_values /opt/stack/data/venv/lib/python3.12/site-packages/oslo_config/cfg.py:3560}}[00m
DEBUG cotyledon.oslo_config_glue [[00;36m-] [01;35mplacement.timeout              = None[00m [00;33m{{(pid=235446) log_opt_values /opt/stack/data/venv/lib/python3.12/site-packages/oslo_config/cfg.py:3560}}[00m
DEBUG cotyledon.oslo_config_glue [[00;36m-] [01;35mplacement.tls_ciphers          = None[00m [00;33m{{(pid=235446) log_opt_values /opt/stack/data/venv/lib/python3.12/site-packages/oslo_config/cfg.py:3560}}[00m
DEBUG cotyledon.oslo_config_glue [[00;36m-] [01;35mplacement.tls_min_version      = None[00m [00;33m{{(pid=235446) log_opt_values /opt/stack/data/venv/lib/python3.12/site-packages/oslo_config/cfg.py:3560}}[00m
DEBUG cotyledon.oslo_config_glue [[00;36m-] [01;35mplacement.trust_id             = None[00m [00;33m{{(pid=235446) log_opt_values /opt/stack/data/venv/lib/python3.12/site-packages/oslo_config/cfg.py:3560}}[00m
DEBUG cotyledon.oslo_config_glue [[00;36m-] [01;35mplacement.user_domain_id       = None[00m [00;33m{{(pid=235446) log_opt_values /opt/stack/data/venv/lib/python3.12/site-packages/oslo_config/cfg.py:3560}}[00m
DEBUG cotyledon.oslo_config_glue [[00;36m-] [01;35mplacement.user_domain_name     = Default[00m [00;33m{{(pid=235446) log_opt_values /opt/stack/data/venv/lib/python3.12/site-packages/oslo_config/cfg.py:3560}}[00m
DEBUG cotyledon.oslo_config_glue [[00;36m-] [01;35mplacement.user_id              = None[00m [00;33m{{(pid=235446) log_opt_values /opt/stack/data/venv/lib/python3.12/site-packages/oslo_config/cfg.py:3560}}[00m
DEBUG cotyledon.oslo_config_glue [[00;36m-] [01;35mplacement.username             = nova[00m [00;33m{{(pid=235446) log_opt_values /opt/stack/data/venv/lib/python3.12/site-packages/oslo_config/cfg.py:3560}}[00m
DEBUG cotyledon.oslo_config_glue [[00;36m-] [01;35mplacement.valid_interfaces     = ['internal', 'public'][00m [00;33m{{(pid=235446) log_opt_values /opt/stack/data/venv/lib/python3.12/site-packages/oslo_config/cfg.py:3560}}[00m
DEBUG cotyledon.oslo_config_glue [[00;36m-] [01;35mplacement.version              = None[00m [00;33m{{(pid=235446) log_opt_values /opt/stack/data/venv/lib/python3.12/site-packages/oslo_config/cfg.py:3560}}[00m
DEBUG cotyledon.oslo_config_glue [[00;36m-] [01;35mquota.count_usage_from_placement = False[00m [00;33m{{(pid=235446) log_opt_values /opt/stack/data/venv/lib/python3.12/site-packages/oslo_config/cfg.py:3560}}[00m
DEBUG cotyledon.oslo_config_glue [[00;36m-] [01;35mscheduler.limit_tenants_to_placement_aggregate = False[00m [00;33m{{(pid=235446) log_opt_values /opt/stack/data/venv/lib/python3.12/site-packages/oslo_config/cfg.py:3560}}[00m
DEBUG cotyledon.oslo_config_glue [[00;36m-] [01;35mscheduler.max_placement_results = 1000[00m [00;33m{{(pid=235446) log_opt_values /opt/stack/data/venv/lib/python3.12/site-packages/oslo_config/cfg.py:3560}}[00m
DEBUG cotyledon.oslo_config_glue [[00;36m-] [01;35mscheduler.placement_aggregate_required_for_tenants = False[00m [00;33m{{(pid=235446) log_opt_values /opt/stack/data/venv/lib/python3.12/site-packages/oslo_config/cfg.py:3560}}[00m
DEBUG cotyledon.oslo_config_glue [[00;36m-] [01;35mscheduler.query_placement_for_image_type_support = False[00m [00;33m{{(pid=235446) log_opt_values /opt/stack/data/venv/lib/python3.12/site-packages/oslo_config/cfg.py:3560}}[00m
DEBUG cotyledon.oslo_config_glue [[00;36m-] [01;35mscheduler.query_placement_for_routed_network_aggregates = False[00m [00;33m{{(pid=235446) log_opt_values /opt/stack/data/venv/lib/python3.12/site-packages/oslo_config/cfg.py:3560}}[00m
DEBUG cotyledon.oslo_config_glue [[00;36m-] [01;35mfilter_scheduler.pci_in_placement = False[00m [00;33m{{(pid=235446) log_opt_values /opt/stack/data/venv/lib/python3.12/site-packages/oslo_config/cfg.py:3560}}[00m
DEBUG nova.scheduler.manager [[01;36mNone req-d7b413ff-51ca-42ff-98d6-c404047af177 [00;36madmin admin] [01;35mFiltered [(tt-openstack-lab, tt-openstack-lab) ram: 7423MB disk: 45056MB io_ops: 0 instances: 0, allocation_candidates: 1][00m [00;33m{{(pid=235428) _get_sorted_hosts /opt/stack/nova/nova/scheduler/manager.py:748}}[00m
DEBUG nova.scheduler.manager [[01;36mNone req-d7b413ff-51ca-42ff-98d6-c404047af177 [00;36madmin admin] [01;35mWeighed [WeighedHost [host: (tt-openstack-lab, tt-openstack-lab) ram: 7423MB disk: 45056MB io_ops: 0 instances: 0, allocation_candidates: 1, weight: 0.0]][00m [00;33m{{(pid=235428) _get_sorted_hosts /opt/stack/nova/nova/scheduler/manager.py:770}}[00m
DEBUG nova.scheduler.utils [[01;36mNone req-d7b413ff-51ca-42ff-98d6-c404047af177 [00;36madmin admin] [01;35mAttempting to claim resources in the placement API for instance 3d1cfd4b-f05c-415b-8199-9fea14e90831[00m [00;33m{{(pid=235428) claim_resources /opt/stack/nova/nova/scheduler/utils.py:1345}}[00m
DEBUG nova.scheduler.manager [[01;36mNone req-d7b413ff-51ca-42ff-98d6-c404047af177 [00;36madmin admin] [01;35m[instance: 3d1cfd4b-f05c-415b-8199-9fea14e90831] Selected host: (tt-openstack-lab, tt-openstack-lab) ram: 7423MB disk: 45056MB io_ops: 0 instances: 0, allocation_candidates: 1[00m [00;33m{{(pid=235428) _consume_selected_host /opt/stack/nova/nova/scheduler/manager.py:630}}[00m
